time,cpu %,memory %
2024-06-10 15:54:27,0.02,0.06
2024-06-10 15:54:31,0.02,0.06
2024-06-10 15:54:35,13.97,0.08
2024-06-10 15:54:39,0.02,0.08
2024-06-10 15:54:43,0.02,0.09
2024-06-10 15:54:47,0.02,0.10
2024-06-10 15:54:51,0.02,0.09
2024-06-10 15:54:55,0.02,0.09
2024-06-10 15:54:59,0.02,0.09
2024-06-10 15:55:03,0.02,0.09
2024-06-10 15:55:07,8.55,0.10
2024-06-10 15:55:12,63.81,0.10
2024-06-10 15:55:16,58.51,0.09
2024-06-10 15:55:20,0.04,0.09
2024-06-10 15:55:24,0.02,0.09
2024-06-10 15:55:28,0.02,0.09
2024-06-10 15:55:32,0.02,0.09
2024-06-10 15:55:36,0.04,0.10
2024-06-10 15:55:40,32.86,0.10
2024-06-10 15:55:44,39.30,0.10
2024-06-10 15:55:48,0.02,0.09
2024-06-10 15:55:52,0.02,0.10
2024-06-10 15:55:56,43.63,0.10
2024-06-10 15:56:00,38.22,0.10
2024-06-10 15:56:04,0.02,0.09
2024-06-10 15:56:08,0.02,0.10
2024-06-10 15:56:12,37.00,0.10
2024-06-10 15:56:16,47.95,0.10
2024-06-10 15:56:20,34.48,0.10
2024-06-10 15:56:24,33.90,0.09
2024-06-10 15:56:28,34.17,0.10
2024-06-10 15:56:32,5.13,0.09
2024-06-10 15:56:36,5.70,0.09
2024-06-10 15:56:40,0.02,0.09
2024-06-10 15:56:44,0.03,0.09
2024-06-10 15:56:48,0.04,0.10
2024-06-10 15:56:52,28.97,0.09
2024-06-10 15:56:56,29.09,0.10
2024-06-10 15:57:00,37.16,0.10
2024-06-10 15:57:04,36.61,0.10
2024-06-10 15:57:08,31.71,0.09
2024-06-10 15:57:12,4.76,0.09
2024-06-10 15:57:16,32.55,0.10
2024-06-10 15:57:20,0.03,0.09
2024-06-10 15:57:24,0.03,0.09
2024-06-10 15:57:28,61.67,0.10
2024-06-10 15:57:32,26.19,0.10
2024-06-10 15:57:36,26.91,0.10
2024-06-10 15:57:40,6.37,0.10
2024-06-10 15:57:44,4.30,0.09
2024-06-10 15:57:48,4.11,0.10
2024-06-10 15:57:52,11.73,0.10
2024-06-10 15:57:56,29.07,0.10
2024-06-10 15:58:00,0.02,0.10
2024-06-10 15:58:04,0.03,0.10
2024-06-10 15:58:08,0.02,0.10
2024-06-10 15:58:12,0.03,0.10
2024-06-10 15:58:16,0.02,0.10
2024-06-10 15:58:20,0.03,0.10
2024-06-10 15:58:24,59.55,0.10
2024-06-10 15:58:28,44.73,0.10
2024-06-10 15:58:32,65.94,0.10
2024-06-10 15:58:36,26.72,0.10
2024-06-10 15:58:40,32.25,0.11
2024-06-10 15:58:44,32.17,0.10
2024-06-10 15:58:48,31.93,0.09
2024-06-10 15:58:52,65.83,0.09
2024-06-10 15:58:56,47.04,0.09
2024-06-10 15:59:00,21.20,0.10
2024-06-10 15:59:04,8.45,0.09
2024-06-10 15:59:08,3.79,0.09
2024-06-10 15:59:12,4.92,0.09
2024-06-10 15:59:16,5.09,0.09
2024-06-10 15:59:20,5.18,0.09
2024-06-10 15:59:24,0.03,0.09
2024-06-10 15:59:28,0.03,0.09
2024-06-10 15:59:32,0.07,0.10
2024-06-10 15:59:36,0.03,0.09
2024-06-10 15:59:40,0.02,0.09
2024-06-10 15:59:44,66.23,0.10
2024-06-10 15:59:48,48.54,0.09
2024-06-10 15:59:52,33.76,0.10
2024-06-10 15:59:56,31.37,0.10
2024-06-10 16:00:00,35.11,0.11
2024-06-10 16:00:05,52.27,0.10
2024-06-10 16:00:09,29.96,0.10
2024-06-10 16:00:13,40.64,0.10
2024-06-10 16:00:17,31.24,0.09
2024-06-10 16:00:21,5.38,0.09
2024-06-10 16:00:25,5.17,0.10
2024-06-10 16:00:29,5.18,0.10
2024-06-10 16:00:33,5.83,0.10
2024-06-10 16:00:37,4.86,0.10
2024-06-10 16:00:41,4.05,0.10
2024-06-10 16:00:45,0.04,0.10
2024-06-10 16:00:49,0.02,0.10
2024-06-10 16:00:53,0.05,0.10
2024-06-10 16:00:57,70.44,0.10
2024-06-10 16:01:01,67.00,0.10
2024-06-10 16:01:05,25.56,0.09
2024-06-10 16:01:09,33.44,0.10
2024-06-10 16:01:13,38.98,0.10
2024-06-10 16:01:17,31.14,0.10
2024-06-10 16:01:21,27.83,0.10
2024-06-10 16:01:25,26.55,0.10
2024-06-10 16:01:29,30.09,0.09
2024-06-10 16:01:33,6.43,0.09
2024-06-10 16:01:37,4.33,0.09
2024-06-10 16:01:41,4.04,0.10
2024-06-10 16:01:45,4.91,0.10
2024-06-10 16:01:49,4.35,0.10
2024-06-10 16:01:53,6.73,0.10
2024-06-10 16:01:57,0.02,0.10
2024-06-10 16:02:01,0.02,0.10
2024-06-10 16:02:05,0.02,0.10
2024-06-10 16:02:09,3.34,0.09
2024-06-10 16:02:13,0.03,0.09
2024-06-10 16:02:17,0.02,0.10
2024-06-10 16:02:21,0.03,0.09
2024-06-10 16:02:25,0.02,0.10
2024-06-10 16:02:29,0.03,0.10
2024-06-10 16:02:33,0.02,0.10
2024-06-10 16:02:37,83.77,0.10
2024-06-10 16:02:41,38.13,0.10
2024-06-10 16:02:45,35.14,0.10
2024-06-10 16:02:49,0.04,0.10
2024-06-10 16:02:53,0.03,0.10
2024-06-10 16:02:57,38.31,0.10
2024-06-10 16:03:01,42.83,0.10
2024-06-10 16:03:05,27.60,0.10
2024-06-10 16:03:09,0.02,0.10
2024-06-10 16:03:13,0.05,0.10
2024-06-10 16:03:17,0.03,0.10
2024-06-10 16:03:21,0.02,0.10
2024-06-10 16:03:25,0.04,0.10
2024-06-10 16:03:29,0.03,0.10
2024-06-10 16:03:33,0.03,0.10
2024-06-10 16:03:37,0.03,0.10
2024-06-10 16:03:41,0.03,0.10
2024-06-10 16:03:45,0.02,0.10
2024-06-10 16:03:49,0.02,0.10
2024-06-10 16:03:53,0.02,0.10
2024-06-10 16:03:57,0.02,0.10
2024-06-10 16:04:01,0.03,0.10
2024-06-10 16:04:05,0.03,0.10
2024-06-10 16:04:09,0.02,0.10
2024-06-10 16:04:13,0.02,0.10
2024-06-10 16:04:17,0.03,0.10
2024-06-10 16:04:21,0.02,0.10
2024-06-10 16:04:25,0.04,0.10
2024-06-10 16:04:29,94.45,0.10
2024-06-10 16:04:33,83.46,0.10
2024-06-10 16:04:37,40.28,0.10
2024-06-10 16:04:41,0.02,0.10
2024-06-10 16:04:45,0.01,0.10
2024-06-10 16:04:49,34.58,0.10
2024-06-10 16:04:53,36.32,0.10
2024-06-10 16:04:57,8.69,0.10
2024-06-10 16:05:01,0.02,0.10
2024-06-10 16:05:05,0.03,0.10
2024-06-10 16:05:09,0.03,0.10
2024-06-10 16:05:13,0.03,0.10
2024-06-10 16:05:17,0.02,0.10
2024-06-10 16:05:21,0.02,0.10
2024-06-10 16:05:26,34.08,0.10
2024-06-10 16:05:30,74.47,0.10
2024-06-10 16:05:34,19.71,0.10
2024-06-10 16:05:38,0.02,0.10
2024-06-10 16:05:42,0.02,0.10
2024-06-10 16:05:46,69.45,0.10
2024-06-10 16:05:50,25.77,0.10
2024-06-10 16:05:54,0.03,0.10
2024-06-10 16:05:58,0.03,0.10
2024-06-10 16:06:02,0.02,0.10
2024-06-10 16:06:06,0.02,0.11
2024-06-10 16:06:10,24.06,0.10
2024-06-10 16:06:14,24.33,0.10
2024-06-10 16:06:18,0.02,0.10
2024-06-10 16:06:22,4.13,0.10
2024-06-10 16:06:26,13.06,0.10
2024-06-10 16:06:30,3.71,0.10
2024-06-10 16:06:34,0.02,0.10
2024-06-10 16:06:38,0.05,0.10
2024-06-10 16:06:42,0.03,0.10
2024-06-10 16:06:46,0.02,0.10
2024-06-10 16:06:50,0.02,0.10
2024-06-10 16:06:54,0.02,0.10
2024-06-10 16:06:58,0.02,0.10
2024-06-10 16:07:02,0.04,0.10
2024-06-10 16:07:06,0.02,0.10
2024-06-10 16:07:10,0.02,0.10
2024-06-10 16:07:14,0.03,0.10
2024-06-10 16:07:18,0.02,0.10
2024-06-10 16:07:22,0.04,0.10
2024-06-10 16:07:26,67.08,0.10
2024-06-10 16:07:30,24.27,0.10
2024-06-10 16:07:34,0.02,0.10
2024-06-10 16:07:38,0.02,0.10
2024-06-10 16:07:42,0.06,0.10
2024-06-10 16:07:46,0.01,0.10
2024-06-10 16:07:50,22.70,0.11
2024-06-10 16:07:54,26.01,0.11
2024-06-10 16:07:58,17.43,0.10
2024-06-10 16:08:02,0.06,0.10
2024-06-10 16:08:06,0.02,0.10
2024-06-10 16:08:10,0.03,0.10
2024-06-10 16:08:14,30.43,0.10
2024-06-10 16:08:18,34.01,0.10
2024-06-10 16:08:22,2.68,0.10
2024-06-10 16:08:26,0.02,0.10
2024-06-10 16:08:30,0.02,0.10
2024-06-10 16:08:34,0.02,0.10
2024-06-10 16:08:38,0.02,0.10
2024-06-10 16:08:42,0.05,0.10
2024-06-10 16:08:46,0.03,0.10
2024-06-10 16:08:50,0.02,0.10
2024-06-10 16:08:54,0.02,0.10
2024-06-10 16:08:58,83.62,0.11
2024-06-10 16:09:02,86.35,0.10
2024-06-10 16:09:06,30.23,0.10
2024-06-10 16:09:10,0.01,0.10
2024-06-10 16:09:14,0.03,0.10
2024-06-10 16:09:18,33.45,0.10
2024-06-10 16:09:22,29.89,0.10
2024-06-10 16:09:26,28.49,0.10
2024-06-10 16:09:30,0.02,0.10
2024-06-10 16:09:34,0.02,0.10
2024-06-10 16:09:38,32.42,0.10
2024-06-10 16:09:42,49.05,0.10
2024-06-10 16:09:46,3.22,0.10
2024-06-10 16:09:50,0.03,0.10
2024-06-10 16:09:54,0.02,0.10
2024-06-10 16:09:58,3.85,0.11
2024-06-10 16:10:02,4.04,0.10
2024-06-10 16:10:06,0.02,0.10
2024-06-10 16:10:10,0.03,0.10
2024-06-10 16:10:14,0.02,0.10
2024-06-10 16:10:18,0.03,0.10
2024-06-10 16:10:22,0.12,0.11
2024-06-10 16:10:26,83.30,0.11
2024-06-10 16:10:30,33.53,0.10
2024-06-10 16:10:34,39.18,0.10
2024-06-10 16:10:38,43.27,0.10
2024-06-10 16:10:42,51.62,0.10
2024-06-10 16:10:46,54.08,0.10
2024-06-10 16:10:50,50.28,0.10
2024-06-10 16:10:54,3.57,0.10
2024-06-10 16:10:59,0.02,0.10
2024-06-10 16:11:03,0.07,0.10
2024-06-10 16:11:07,80.72,0.10
2024-06-10 16:11:11,5.20,0.10
2024-06-10 16:11:15,4.55,0.10
2024-06-10 16:11:19,4.11,0.10
2024-06-10 16:11:23,6.10,0.10
2024-06-10 16:11:27,5.35,0.10
2024-06-10 16:11:31,90.65,0.10
2024-06-10 16:11:35,0.03,0.10
2024-06-10 16:11:39,0.02,0.10
2024-06-10 16:11:43,0.07,0.10
2024-06-10 16:11:47,0.04,0.10
2024-06-10 16:11:51,0.02,0.10
2024-06-10 16:11:55,0.02,0.10
2024-06-10 16:11:59,0.02,0.10
2024-06-10 16:12:03,67.74,0.10
2024-06-10 16:12:07,64.25,0.10
2024-06-10 16:12:11,83.49,0.10
2024-06-10 16:12:15,49.65,0.11
2024-06-10 16:12:19,55.60,0.10
2024-06-10 16:12:23,52.16,0.10
2024-06-10 16:12:27,46.31,0.10
2024-06-10 16:12:31,0.02,0.10
2024-06-10 16:12:35,0.02,0.10
2024-06-10 16:12:39,86.68,0.10
2024-06-10 16:12:43,5.52,0.10
2024-06-10 16:12:47,8.21,0.10
2024-06-10 16:12:51,5.50,0.10
2024-06-10 16:12:55,5.20,0.10
2024-06-10 16:12:59,8.84,0.10
2024-06-10 16:13:03,9.99,0.10
2024-06-10 16:13:07,60.93,0.10
2024-06-10 16:13:11,0.02,0.10
2024-06-10 16:13:15,0.04,0.10
2024-06-10 16:13:19,0.02,0.10
2024-06-10 16:13:23,23.91,0.10
2024-06-10 16:13:27,47.38,0.10
2024-06-10 16:13:31,44.96,0.11
2024-06-10 16:13:35,62.43,0.10
2024-06-10 16:13:39,48.70,0.10
2024-06-10 16:13:43,74.92,0.11
2024-06-10 16:13:47,16.86,0.10
2024-06-10 16:13:51,5.30,0.10
2024-06-10 16:13:55,0.02,0.10
2024-06-10 16:13:59,0.02,0.10
2024-06-10 16:14:03,0.02,0.10
2024-06-10 16:14:07,0.02,0.10
2024-06-10 16:14:11,0.02,0.10
2024-06-10 16:14:15,0.02,0.10
2024-06-10 16:14:19,42.86,0.10
2024-06-10 16:14:23,6.08,0.10
2024-06-10 16:14:27,31.82,0.10
2024-06-10 16:14:31,49.59,0.10
2024-06-10 16:14:35,37.82,0.10
2024-06-10 16:14:40,37.57,0.10
2024-06-10 16:14:44,64.88,0.10
2024-06-10 16:14:48,0.03,0.10
2024-06-10 16:14:52,0.04,0.10
2024-06-10 16:14:56,0.02,0.10
2024-06-10 16:15:00,35.29,0.10
2024-06-10 16:15:04,5.17,0.10
2024-06-10 16:15:08,3.41,0.10
2024-06-10 16:15:12,3.64,0.10
2024-06-10 16:15:16,4.05,0.10
2024-06-10 16:15:20,36.72,0.11
2024-06-10 16:15:24,38.14,0.10
2024-06-10 16:15:28,4.11,0.09
2024-06-10 16:15:32,0.02,0.09
2024-06-10 16:15:36,0.02,0.09
2024-06-10 16:15:40,0.02,0.09
2024-06-10 16:15:44,0.02,0.09
2024-06-10 16:15:48,0.02,0.09
2024-06-10 16:15:52,0.05,0.09
2024-06-10 16:15:56,0.03,0.09
2024-06-10 16:16:00,0.02,0.09
2024-06-10 16:16:04,0.05,0.09
2024-06-10 16:16:08,0.03,0.09
2024-06-10 16:16:12,0.03,0.09
2024-06-10 16:16:16,0.02,0.09
2024-06-10 16:16:20,0.02,0.09
2024-06-10 16:16:24,0.02,0.09
2024-06-10 16:16:28,0.02,0.09
2024-06-10 16:16:32,0.04,0.09
2024-06-10 16:16:36,0.01,0.09
2024-06-10 16:16:40,37.40,0.10
2024-06-10 16:16:44,0.02,0.10
2024-06-10 16:16:48,0.01,0.10
2024-06-10 16:16:52,0.08,0.10
2024-06-10 16:16:56,92.98,0.10
2024-06-10 16:17:00,39.36,0.10
2024-06-10 16:17:04,38.23,0.10
2024-06-10 16:17:08,39.65,0.10
2024-06-10 16:17:12,33.56,0.10
2024-06-10 16:17:16,36.24,0.10
2024-06-10 16:17:20,11.12,0.10
2024-06-10 16:17:24,0.02,0.10
2024-06-10 16:17:28,0.02,0.10
2024-06-10 16:17:32,0.80,0.10
2024-06-10 16:17:36,1.68,0.10
2024-06-10 16:17:40,1.78,0.10
2024-06-10 16:17:44,4.59,0.10
2024-06-10 16:17:48,4.61,0.10
2024-06-10 16:17:52,4.16,0.10
2024-06-10 16:17:56,0.02,0.09
2024-06-10 16:18:00,0.02,0.09
2024-06-10 16:18:04,0.02,0.09
2024-06-10 16:18:08,92.65,0.10
2024-06-10 16:18:12,83.16,0.10
2024-06-10 16:18:16,52.27,0.11
2024-06-10 16:18:20,44.74,0.10
2024-06-10 16:18:24,45.36,0.10
2024-06-10 16:18:28,49.87,0.10
2024-06-10 16:18:32,39.96,0.10
2024-06-10 16:18:36,3.67,0.10
2024-06-10 16:18:40,3.75,0.10
2024-06-10 16:18:44,82.08,0.10
2024-06-10 16:18:48,3.92,0.10
2024-06-10 16:18:52,4.17,0.11
2024-06-10 16:18:56,4.69,0.11
2024-06-10 16:19:00,6.42,0.10
2024-06-10 16:19:04,5.10,0.10
2024-06-10 16:19:08,0.01,0.10
2024-06-10 16:19:12,0.06,0.10
2024-06-10 16:19:16,101.19,0.10
2024-06-10 16:19:20,58.68,0.10
2024-06-10 16:19:24,51.67,0.10
2024-06-10 16:19:28,46.14,0.10
2024-06-10 16:19:32,57.36,0.11
2024-06-10 16:19:36,42.43,0.10
2024-06-10 16:19:40,27.68,0.10
2024-06-10 16:19:44,4.93,0.10
2024-06-10 16:19:48,5.23,0.10
2024-06-10 16:19:53,3.87,0.10
2024-06-10 16:19:57,4.50,0.10
2024-06-10 16:20:01,4.33,0.10
2024-06-10 16:20:05,6.12,0.10
2024-06-10 16:20:09,3.00,0.10
2024-06-10 16:20:13,3.44,0.10
2024-06-10 16:20:17,0.02,0.10
2024-06-10 16:20:21,0.02,0.10
2024-06-10 16:20:25,85.40,0.10
2024-06-10 16:20:29,61.11,0.10
2024-06-10 16:20:33,43.79,0.10
2024-06-10 16:20:37,31.91,0.10
2024-06-10 16:20:41,40.98,0.10
2024-06-10 16:20:45,41.57,0.10
2024-06-10 16:20:49,33.14,0.10
2024-06-10 16:20:53,4.28,0.10
2024-06-10 16:20:57,3.63,0.10
2024-06-10 16:21:01,3.70,0.10
2024-06-10 16:21:05,3.43,0.10
2024-06-10 16:21:09,4.23,0.10
2024-06-10 16:21:13,4.96,0.10
2024-06-10 16:21:17,3.74,0.10
2024-06-10 16:21:21,3.86,0.10
2024-06-10 16:21:25,0.02,0.10
2024-06-10 16:21:29,0.02,0.10
2024-06-10 16:21:33,0.03,0.10
2024-06-10 16:21:37,0.03,0.10
2024-06-10 16:21:41,43.31,0.10
2024-06-10 16:21:45,0.02,0.10
2024-06-10 16:21:49,3.94,0.10
2024-06-10 16:21:53,0.02,0.10
2024-06-10 16:21:57,0.02,0.10
2024-06-10 16:22:01,0.02,0.10
2024-06-10 16:22:05,0.02,0.10
2024-06-10 16:22:09,37.67,0.10
2024-06-10 16:22:13,53.56,0.10
2024-06-10 16:22:17,0.02,0.10
2024-06-10 16:22:21,0.02,0.10
2024-06-10 16:22:25,50.95,0.11
2024-06-10 16:22:29,44.37,0.10
2024-06-10 16:22:33,0.02,0.10
2024-06-10 16:22:37,0.02,0.10
2024-06-10 16:22:41,16.83,0.10
2024-06-10 16:22:45,12.91,0.10
2024-06-10 16:22:49,0.03,0.10
2024-06-10 16:22:53,0.04,0.10
2024-06-10 16:22:57,0.04,0.10
2024-06-10 16:23:01,0.02,0.10
2024-06-10 16:23:05,0.02,0.10
2024-06-10 16:23:09,86.15,0.11
2024-06-10 16:23:13,51.15,0.11
2024-06-10 16:23:17,38.82,0.10
2024-06-10 16:23:21,0.01,0.10
2024-06-10 16:23:25,0.01,0.10
2024-06-10 16:23:29,0.03,0.10
2024-06-10 16:23:33,0.04,0.10
2024-06-10 16:23:37,0.03,0.10
2024-06-10 16:23:41,0.02,0.10
2024-06-10 16:23:45,0.02,0.10
2024-06-10 16:23:49,0.02,0.11
2024-06-10 16:23:53,38.06,0.11
2024-06-10 16:23:57,39.10,0.11
2024-06-10 16:24:01,0.04,0.10
2024-06-10 16:24:05,0.02,0.10
2024-06-10 16:24:09,0.02,0.11
2024-06-10 16:24:13,83.90,0.11
2024-06-10 16:24:17,36.88,0.11
2024-06-10 16:24:21,46.33,0.11
2024-06-10 16:24:25,33.86,0.10
2024-06-10 16:24:29,27.41,0.11
2024-06-10 16:24:33,2.78,0.10
2024-06-10 16:24:37,3.15,0.10
2024-06-10 16:24:41,0.03,0.10
2024-06-10 16:24:45,0.02,0.10
2024-06-10 16:24:49,0.32,0.10
2024-06-10 16:24:53,70.73,0.11
2024-06-10 16:24:57,27.75,0.10
2024-06-10 16:25:01,27.58,0.11
2024-06-10 16:25:05,9.80,0.10
2024-06-10 16:25:09,2.22,0.10
2024-06-10 16:25:14,68.63,0.11
2024-06-10 16:25:18,63.48,0.10
2024-06-10 16:25:22,0.01,0.10
2024-06-10 16:25:26,0.02,0.10
2024-06-10 16:25:30,0.01,0.10
2024-06-10 16:25:34,0.02,0.10
2024-06-10 16:25:38,0.02,0.11
2024-06-10 16:25:42,25.76,0.11
2024-06-10 16:25:46,23.66,0.11
2024-06-10 16:25:50,27.98,0.11
2024-06-10 16:25:54,37.52,0.10
2024-06-10 16:25:58,5.60,0.10
2024-06-10 16:26:02,4.00,0.11
2024-06-10 16:26:06,19.06,0.10
2024-06-10 16:26:10,6.06,0.10
2024-06-10 16:26:14,0.02,0.10
2024-06-10 16:26:18,0.02,0.10
2024-06-10 16:26:22,0.02,0.10
2024-06-10 16:26:26,68.01,0.11
2024-06-10 16:26:30,6.28,0.11
2024-06-10 16:26:34,2.42,0.10
2024-06-10 16:26:38,2.23,0.10
2024-06-10 16:26:42,2.39,0.11
2024-06-10 16:26:46,26.06,0.10
2024-06-10 16:26:50,27.53,0.11
2024-06-10 16:26:54,29.45,0.11
2024-06-10 16:26:58,28.21,0.11
2024-06-10 16:27:02,8.09,0.10
2024-06-10 16:27:06,19.75,0.11
2024-06-10 16:27:10,28.81,0.10
2024-06-10 16:27:14,2.48,0.11
2024-06-10 16:27:18,2.31,0.11
2024-06-10 16:27:22,2.76,0.10
2024-06-10 16:27:26,0.02,0.10
2024-06-10 16:27:30,0.02,0.11
2024-06-10 16:27:34,65.04,0.10
2024-06-10 16:27:38,24.83,0.10
2024-06-10 16:27:42,2.67,0.10
2024-06-10 16:27:46,22.61,0.10
2024-06-10 16:27:50,27.09,0.10
2024-06-10 16:27:54,27.26,0.11
2024-06-10 16:27:58,50.86,0.11
2024-06-10 16:28:02,26.84,0.10
2024-06-10 16:28:06,21.10,0.10
2024-06-10 16:28:10,23.13,0.10
2024-06-10 16:28:14,29.26,0.11
2024-06-10 16:28:18,2.82,0.11
2024-06-10 16:28:22,2.37,0.10
2024-06-10 16:28:26,3.44,0.11
2024-06-10 16:28:30,2.76,0.11
2024-06-10 16:28:34,0.02,0.11
2024-06-10 16:28:38,0.02,0.11
2024-06-10 16:28:42,0.04,0.11
2024-06-10 16:28:46,0.02,0.11
2024-06-10 16:28:50,77.01,0.11
2024-06-10 16:28:54,24.93,0.11
2024-06-10 16:28:58,44.12,0.11
2024-06-10 16:29:02,24.46,0.10
2024-06-10 16:29:06,23.07,0.10
2024-06-10 16:29:10,22.31,0.11
2024-06-10 16:29:14,23.14,0.10
2024-06-10 16:29:18,20.66,0.10
2024-06-10 16:29:22,2.38,0.10
2024-06-10 16:29:26,3.02,0.10
2024-06-10 16:29:30,2.84,0.10
2024-06-10 16:29:34,3.02,0.10
2024-06-10 16:29:38,2.53,0.10
2024-06-10 16:29:42,2.83,0.10
2024-06-10 16:29:46,3.01,0.10
2024-06-10 16:29:50,0.02,0.10
2024-06-10 16:29:54,0.02,0.11
2024-06-10 16:29:58,0.06,0.10
2024-06-10 16:30:02,55.87,0.10
2024-06-10 16:30:06,0.02,0.11
2024-06-10 16:30:10,0.02,0.10
2024-06-10 16:30:14,0.02,0.10
2024-06-10 16:30:18,0.01,0.10
2024-06-10 16:30:22,0.12,0.10
2024-06-10 16:30:26,0.03,0.10
2024-06-10 16:30:30,0.02,0.10
2024-06-10 16:30:34,0.02,0.10
2024-06-10 16:30:38,0.03,0.10
2024-06-10 16:30:42,0.04,0.10
2024-06-10 16:30:46,0.03,0.10
2024-06-10 16:30:50,0.04,0.10
2024-06-10 16:30:54,0.02,0.10
2024-06-10 16:30:58,0.02,0.10
2024-06-10 16:31:02,0.05,0.10
2024-06-10 16:31:06,0.02,0.10
2024-06-10 16:31:10,0.02,0.10
2024-06-10 16:31:15,0.02,0.10
2024-06-10 16:31:19,8.90,0.11
2024-06-10 16:31:23,0.06,0.11
2024-06-10 16:31:27,0.02,0.11
2024-06-10 16:31:31,0.02,0.11
2024-06-10 16:31:35,0.02,0.11
2024-06-10 16:31:39,18.70,0.11
2024-06-10 16:31:43,0.07,0.11
2024-06-10 16:31:47,0.02,0.11
2024-06-10 16:31:51,51.25,0.11
2024-06-10 16:31:55,30.87,0.12
2024-06-10 16:31:59,0.02,0.11
2024-06-10 16:32:03,0.09,0.12
2024-06-10 16:32:07,31.51,0.11
2024-06-10 16:32:11,27.33,0.11
2024-06-10 16:32:15,17.76,0.11
2024-06-10 16:32:19,0.03,0.11
2024-06-10 16:32:23,0.04,0.11
2024-06-10 16:32:27,0.02,0.11
2024-06-10 16:32:31,33.09,0.11
2024-06-10 16:32:35,33.43,0.11
2024-06-10 16:32:39,1.43,0.11
2024-06-10 16:32:43,0.07,0.11
2024-06-10 16:32:47,0.02,0.11
2024-06-10 16:32:51,0.02,0.11
2024-06-10 16:32:55,0.02,0.11
2024-06-10 16:32:59,0.03,0.11
2024-06-10 16:33:03,57.96,0.11
2024-06-10 16:33:07,68.50,0.11
2024-06-10 16:33:11,35.47,0.11
2024-06-10 16:33:15,0.01,0.11
2024-06-10 16:33:19,0.01,0.11
2024-06-10 16:33:23,0.04,0.11
2024-06-10 16:33:27,29.81,0.11
2024-06-10 16:33:31,33.33,0.11
2024-06-10 16:33:35,30.36,0.11
2024-06-10 16:33:39,32.86,0.12
2024-06-10 16:33:43,43.52,0.11
2024-06-10 16:33:47,5.08,0.11
2024-06-10 16:33:51,3.53,0.11
2024-06-10 16:33:55,0.03,0.10
2024-06-10 16:33:59,0.02,0.10
2024-06-10 16:34:03,0.03,0.10
2024-06-10 16:34:07,0.02,0.11
2024-06-10 16:34:11,70.96,0.10
2024-06-10 16:34:15,29.48,0.11
2024-06-10 16:34:19,28.61,0.11
2024-06-10 16:34:23,2.36,0.11
2024-06-10 16:34:27,25.19,0.11
2024-06-10 16:34:31,28.69,0.11
2024-06-10 16:34:35,81.82,0.11
2024-06-10 16:34:39,25.97,0.11
2024-06-10 16:34:43,0.02,0.11
2024-06-10 16:34:47,0.02,0.11
2024-06-10 16:34:51,8.39,0.11
2024-06-10 16:34:55,34.07,0.11
2024-06-10 16:34:59,32.86,0.11
2024-06-10 16:35:03,3.77,0.11
2024-06-10 16:35:07,2.20,0.11
2024-06-10 16:35:11,62.94,0.11
2024-06-10 16:35:15,67.29,0.11
2024-06-10 16:35:19,22.80,0.11
2024-06-10 16:35:23,0.02,0.11
2024-06-10 16:35:27,0.01,0.11
2024-06-10 16:35:31,0.01,0.11
2024-06-10 16:35:35,0.02,0.11
2024-06-10 16:35:39,0.03,0.11
2024-06-10 16:35:43,0.02,0.11
2024-06-10 16:35:47,0.03,0.11
2024-06-10 16:35:51,0.02,0.11
2024-06-10 16:35:55,58.46,0.11
2024-06-10 16:35:59,57.96,0.12
2024-06-10 16:36:03,57.95,0.11
2024-06-10 16:36:07,56.39,0.11
2024-06-10 16:36:11,51.96,0.11
2024-06-10 16:36:15,59.87,0.11
2024-06-10 16:36:20,3.43,0.12
2024-06-10 16:36:24,0.03,0.11
2024-06-10 16:36:28,0.02,0.11
2024-06-10 16:36:32,0.02,0.11
2024-06-10 16:36:36,0.02,0.11
2024-06-10 16:36:40,52.35,0.11
2024-06-10 16:36:44,2.72,0.11
2024-06-10 16:36:48,4.09,0.11
2024-06-10 16:36:52,8.16,0.12
2024-06-10 16:36:56,4.13,0.12
2024-06-10 16:37:00,70.00,0.11
2024-06-10 16:37:04,57.89,0.11
2024-06-10 16:37:08,30.97,0.11
2024-06-10 16:37:12,0.10,0.11
2024-06-10 16:37:16,54.37,0.11
2024-06-10 16:37:20,63.59,0.11
2024-06-10 16:37:24,50.59,0.11
2024-06-10 16:37:28,60.54,0.11
2024-06-10 16:37:32,8.38,0.11
2024-06-10 16:37:36,8.11,0.11
2024-06-10 16:37:40,5.23,0.11
2024-06-10 16:37:44,16.96,0.11
2024-06-10 16:37:48,0.02,0.11
2024-06-10 16:37:52,0.06,0.11
2024-06-10 16:37:56,33.06,0.11
2024-06-10 16:38:00,47.23,0.11
2024-06-10 16:38:04,46.44,0.11
2024-06-10 16:38:08,49.70,0.11
2024-06-10 16:38:12,38.63,0.11
2024-06-10 16:38:16,90.13,0.11
2024-06-10 16:38:20,111.88,0.11
2024-06-10 16:38:24,83.84,0.11
2024-06-10 16:38:28,62.18,0.11
2024-06-10 16:38:32,57.70,0.11
2024-06-10 16:38:36,3.02,0.11
2024-06-10 16:38:40,25.13,0.11
2024-06-10 16:38:44,47.40,0.11
2024-06-10 16:38:48,3.93,0.11
2024-06-10 16:38:52,3.30,0.11
2024-06-10 16:38:56,0.02,0.11
2024-06-10 16:39:00,0.02,0.11
2024-06-10 16:39:04,68.51,0.11
2024-06-10 16:39:08,37.87,0.11
2024-06-10 16:39:12,30.00,0.11
2024-06-10 16:39:17,42.84,0.11
2024-06-10 16:39:21,20.09,0.11
2024-06-10 16:39:25,12.35,0.11
2024-06-10 16:39:29,32.67,0.11
2024-06-10 16:39:33,13.94,0.11
2024-06-10 16:39:37,27.87,0.11
2024-06-10 16:39:41,3.00,0.11
2024-06-10 16:39:45,4.23,0.11
2024-06-10 16:39:49,2.72,0.11
2024-06-10 16:39:53,5.21,0.11
2024-06-10 16:39:57,2.44,0.11
2024-06-10 16:40:01,2.71,0.11
2024-06-10 16:40:05,1.25,0.11
2024-06-10 16:40:09,0.05,0.11
2024-06-10 16:40:13,0.07,0.11
2024-06-10 16:40:17,0.02,0.11
2024-06-10 16:40:21,0.02,0.11
2024-06-10 16:40:25,82.40,0.12
2024-06-10 16:40:29,39.15,0.11
2024-06-10 16:40:33,50.43,0.11
2024-06-10 16:40:37,40.81,0.11
2024-06-10 16:40:41,39.07,0.11
2024-06-10 16:40:45,35.58,0.11
2024-06-10 16:40:49,33.52,0.11
2024-06-10 16:40:53,3.10,0.11
2024-06-10 16:40:57,3.02,0.11
2024-06-10 16:41:01,2.45,0.11
2024-06-10 16:41:05,2.96,0.11
2024-06-10 16:41:09,6.32,0.11
2024-06-10 16:41:13,3.91,0.11
2024-06-10 16:41:17,4.13,0.11
2024-06-10 16:41:21,3.58,0.11
2024-06-10 16:41:25,0.02,0.11
2024-06-10 16:41:29,0.02,0.11
