timestamp,percpu_0_key,percpu_0_cpu_number,percpu_0_total,percpu_0_user,percpu_0_system,percpu_0_idle,percpu_0_nice,percpu_0_iowait,percpu_0_irq,percpu_0_softirq,percpu_0_steal,percpu_0_guest,percpu_0_guest_nice,percpu_1_key,percpu_1_cpu_number,percpu_1_total,percpu_1_user,percpu_1_system,percpu_1_idle,percpu_1_nice,percpu_1_iowait,percpu_1_irq,percpu_1_softirq,percpu_1_steal,percpu_1_guest,percpu_1_guest_nice,percpu_2_key,percpu_2_cpu_number,percpu_2_total,percpu_2_user,percpu_2_system,percpu_2_idle,percpu_2_nice,percpu_2_iowait,percpu_2_irq,percpu_2_softirq,percpu_2_steal,percpu_2_guest,percpu_2_guest_nice,percpu_3_key,percpu_3_cpu_number,percpu_3_total,percpu_3_user,percpu_3_system,percpu_3_idle,percpu_3_nice,percpu_3_iowait,percpu_3_irq,percpu_3_softirq,percpu_3_steal,percpu_3_guest,percpu_3_guest_nice,network_lo_interface_name,network_lo_alias,network_lo_time_since_update,network_lo_cumulative_rx,network_lo_rx,network_lo_cumulative_tx,network_lo_tx,network_lo_cumulative_cx,network_lo_cx,network_lo_is_up,network_lo_speed,network_lo_key,network_eth0_interface_name,network_eth0_alias,network_eth0_time_since_update,network_eth0_cumulative_rx,network_eth0_rx,network_eth0_cumulative_tx,network_eth0_tx,network_eth0_cumulative_cx,network_eth0_cx,network_eth0_is_up,network_eth0_speed,network_eth0_key,network_eth1_interface_name,network_eth1_alias,network_eth1_time_since_update,network_eth1_cumulative_rx,network_eth1_rx,network_eth1_cumulative_tx,network_eth1_tx,network_eth1_cumulative_cx,network_eth1_cx,network_eth1_is_up,network_eth1_speed,network_eth1_key,processcount_total,processcount_running,processcount_sleeping,processcount_thread,processcount_pid_max,system_os_name,system_hostname,system_platform,system_linux_distro,system_os_version,system_hr_name,load_min1,load_min5,load_min15,load_cpucore,diskio_vda_time_since_update,diskio_vda_disk_name,diskio_vda_read_count,diskio_vda_write_count,diskio_vda_read_bytes,diskio_vda_write_bytes,diskio_vda_key,diskio_vda1_time_since_update,diskio_vda1_disk_name,diskio_vda1_read_count,diskio_vda1_write_count,diskio_vda1_read_bytes,diskio_vda1_write_bytes,diskio_vda1_key,diskio_vda14_time_since_update,diskio_vda14_disk_name,diskio_vda14_read_count,diskio_vda14_write_count,diskio_vda14_read_bytes,diskio_vda14_write_bytes,diskio_vda14_key,diskio_vda15_time_since_update,diskio_vda15_disk_name,diskio_vda15_read_count,diskio_vda15_write_count,diskio_vda15_read_bytes,diskio_vda15_write_bytes,diskio_vda15_key,diskio_vda16_time_since_update,diskio_vda16_disk_name,diskio_vda16_read_count,diskio_vda16_write_count,diskio_vda16_read_bytes,diskio_vda16_write_bytes,diskio_vda16_key,diskio_vdb_time_since_update,diskio_vdb_disk_name,diskio_vdb_read_count,diskio_vdb_write_count,diskio_vdb_read_bytes,diskio_vdb_write_bytes,diskio_vdb_key,mem_total,mem_available,mem_percent,mem_used,mem_free,mem_active,mem_inactive,mem_buffers,mem_cached,mem_shared,memswap_total,memswap_used,memswap_free,memswap_percent,memswap_sin,memswap_sout,memswap_time_since_update,cpu_total,cpu_user,cpu_nice,cpu_system,cpu_idle,cpu_iowait,cpu_irq,cpu_softirq,cpu_steal,cpu_guest,cpu_guest_nice,cpu_time_since_update,cpu_cpucore,cpu_ctx_switches,cpu_interrupts,cpu_soft_interrupts,cpu_syscalls,uptime_seconds,fs_/_device_name,fs_/_fs_type,fs_/_mnt_point,fs_/_size,fs_/_used,fs_/_free,fs_/_percent,fs_/_key,core_phys,core_log
2024-05-30 17:25:43,cpu_number,0,99.0,27.0,3.0,1.0,0.0,1.0,0.0,0.0,0.0,0.0,0.0,cpu_number,1,69.0,0.0,0.0,31.0,0.0,0.0,0.0,0.0,0.0,0.0,0.0,cpu_number,2,68.0,0.0,0.0,32.0,0.0,0.0,0.0,0.0,0.0,0.0,0.0,cpu_number,3,69.0,0.0,1.0,31.0,0.0,0.0,0.0,0.0,0.0,0.0,0.0,lo,,2.0294253826141357,2390592,152,2390592,152,4781184,304,True,0,interface_name,eth0,,2.0294253826141357,11440823,9198,2519656,16974,13960479,26172,True,0,interface_name,eth1,,2.0294253826141357,0,0,1748,0,1748,0,True,0,interface_name,163,1,79,278,0,Linux,performance-testing-ubuntu-s-4vcpu-8gb-sgp1-01,64bit,Ubuntu 24.04,6.8.0-31-generic,Ubuntu 24.04 64bit,0.0615234375,0.126953125,0.06201171875,4,2.090817451477051,vda,0,0,0,0,disk_name,2.090817451477051,vda1,0,0,0,0,disk_name,2.090817451477051,vda14,0,0,0,0,disk_name,2.090817451477051,vda15,0,0,0,0,disk_name,2.090817451477051,vda16,0,0,0,0,disk_name,2.090817451477051,vdb,0,0,0,0,disk_name,8327106560,7375650816,11.4,951455744,7375650816,900026368,254054400,36184064,634507264,4317184,0,0,0,0.0,0,0,2.0903067588806152,24.2,0.8,0.0,0.4,98.8,0.0,0.0,0.0,0.0,0.0,0.0,2.0902187824249268,4,549,541,364,0,229,/dev/vda1,ext4,/,165295407104,4892590080,160386039808,3.0,mnt_point,4,4
2024-05-30 17:25:45,cpu_number,0,4.3,3.1,1.2,95.7,0.0,0.0,0.0,0.0,0.0,0.0,0.0,cpu_number,1,0.7,0.5,0.2,99.3,0.0,0.0,0.0,0.0,0.0,0.0,0.0,cpu_number,2,0.7,0.2,0.5,99.3,0.0,0.0,0.0,0.0,0.0,0.0,0.0,cpu_number,3,0.2,0.2,0.0,99.8,0.0,0.0,0.0,0.0,0.0,0.0,0.0,lo,,2.077523708343506,2390850,258,2390850,258,4781700,516,True,0,interface_name,eth0,,2.077523708343506,11441087,264,2531404,11748,13972491,12012,True,0,interface_name,eth1,,2.077523708343506,0,0,1748,0,1748,0,True,0,interface_name,163,1,79,278,0,Linux,performance-testing-ubuntu-s-4vcpu-8gb-sgp1-01,64bit,Ubuntu 24.04,6.8.0-31-generic,Ubuntu 24.04 64bit,0.05615234375,0.12451171875,0.0615234375,4,2.0654513835906982,vda,0,0,0,0,disk_name,2.0654513835906982,vda1,0,0,0,0,disk_name,2.0654513835906982,vda14,0,0,0,0,disk_name,2.0654513835906982,vda15,0,0,0,0,disk_name,2.0654513835906982,vda16,0,0,0,0,disk_name,2.0654513835906982,vdb,0,0,0,0,disk_name,8327106560,7375659008,11.4,951447552,7375659008,900194304,254062592,36184064,634515456,4317184,0,0,0,0.0,0,0,2.065432548522949,1.5,0.7,0.0,0.4,98.9,0.0,0.0,0.0,0.0,0.0,0.0,2.0654144287109375,4,459,313,158,0,231,/dev/vda1,ext4,/,165295407104,4892598272,160386031616,3.0,mnt_point,4,4
2024-05-30 17:25:50,cpu_number,0,8.7,8.1,0.6,91.3,0.0,0.0,0.0,0.0,0.0,0.0,0.0,cpu_number,1,0.2,0.0,0.2,99.8,0.0,0.0,0.0,0.0,0.0,0.0,0.0,cpu_number,2,0.4,0.2,0.2,99.6,0.0,0.0,0.0,0.0,0.0,0.0,0.0,cpu_number,3,0.6,0.2,0.4,99.4,0.0,0.0,0.0,0.0,0.0,0.0,0.0,lo,,4.965831995010376,2391415,565,2391415,565,4782830,1130,True,0,interface_name,eth0,,4.965831995010376,11468609,27522,2940152,408748,14408761,436270,True,0,interface_name,eth1,,4.965831995010376,0,0,1748,0,1748,0,True,0,interface_name,163,1,79,278,0,Linux,performance-testing-ubuntu-s-4vcpu-8gb-sgp1-01,64bit,Ubuntu 24.04,6.8.0-31-generic,Ubuntu 24.04 64bit,0.05126953125,0.1220703125,0.06103515625,4,4.9790167808532715,vda,0,2,0,12288,disk_name,4.9790167808532715,vda1,0,2,0,12288,disk_name,4.9790167808532715,vda14,0,0,0,0,disk_name,4.9790167808532715,vda15,0,0,0,0,disk_name,4.9790167808532715,vda16,0,0,0,0,disk_name,4.9790167808532715,vdb,0,0,0,0,disk_name,8327106560,7375454208,11.4,951652352,7375454208,900325376,254062592,36184064,634515456,4317184,0,0,0,0.0,0,0,4.97900390625,2.5,2.2,0.0,0.3,97.5,0.0,0.0,0.1,0.0,0.0,0.0,4.979036331176758,4,5509,3177,2157,0,236,/dev/vda1,ext4,/,165295407104,4892598272,160386031616,3.0,mnt_point,4,4
2024-05-30 17:25:52,cpu_number,0,8.7,8.1,0.6,91.3,0.0,0.0,0.0,0.0,0.0,0.0,0.0,cpu_number,1,0.2,0.0,0.2,99.8,0.0,0.0,0.0,0.0,0.0,0.0,0.0,cpu_number,2,0.4,0.2,0.2,99.6,0.0,0.0,0.0,0.0,0.0,0.0,0.0,cpu_number,3,0.6,0.2,0.4,99.4,0.0,0.0,0.0,0.0,0.0,0.0,0.0,lo,,2.0755200386047363,2391875,460,2391875,460,4783750,920,True,0,interface_name,eth0,,2.0755200386047363,11469071,462,2955210,15058,14424281,15520,True,0,interface_name,eth1,,2.0755200386047363,0,0,1748,0,1748,0,True,0,interface_name,163,1,79,278,0,Linux,performance-testing-ubuntu-s-4vcpu-8gb-sgp1-01,64bit,Ubuntu 24.04,6.8.0-31-generic,Ubuntu 24.04 64bit,0.05126953125,0.1220703125,0.06103515625,4,2.088521957397461,vda,0,0,0,0,disk_name,2.088521957397461,vda1,0,0,0,0,disk_name,2.088521957397461,vda14,0,0,0,0,disk_name,2.088521957397461,vda15,0,0,0,0,disk_name,2.088521957397461,vda16,0,0,0,0,disk_name,2.088521957397461,vdb,0,0,0,0,disk_name,8327106560,7375454208,11.4,951652352,7375454208,900366336,254062592,36184064,634515456,4317184,0,0,0,0.0,0,0,2.0889835357666016,2.5,0.8,0.0,0.4,98.8,0.0,0.0,0.0,0.0,0.0,0.0,2.0891036987304688,4,609,353,181,0,238,/dev/vda1,ext4,/,165295407104,4892598272,160386031616,3.0,mnt_point,4,4
2024-05-30 17:25:54,cpu_number,0,4.1,3.1,1.0,95.9,0.0,0.0,0.0,0.0,0.0,0.0,0.0,cpu_number,1,0.2,0.2,0.0,99.8,0.0,0.0,0.0,0.0,0.0,0.0,0.0,cpu_number,2,0.0,0.0,0.0,100.0,0.0,0.0,0.0,0.0,0.0,0.0,0.0,cpu_number,3,0.0,0.0,0.0,100.0,0.0,0.0,0.0,0.0,0.0,0.0,0.0,lo,,2.098814010620117,2392133,258,2392133,258,4784266,516,True,0,interface_name,eth0,,2.098814010620117,11469401,330,2966820,11610,14436221,11940,True,0,interface_name,eth1,,2.098814010620117,0,0,1748,0,1748,0,True,0,interface_name,163,1,79,278,0,Linux,performance-testing-ubuntu-s-4vcpu-8gb-sgp1-01,64bit,Ubuntu 24.04,6.8.0-31-generic,Ubuntu 24.04 64bit,0.046875,0.11962890625,0.060546875,4,2.08247971534729,vda,0,0,0,0,disk_name,2.08247971534729,vda1,0,0,0,0,disk_name,2.08247971534729,vda14,0,0,0,0,disk_name,2.08247971534729,vda15,0,0,0,0,disk_name,2.08247971534729,vda16,0,0,0,0,disk_name,2.08247971534729,vdb,0,0,0,0,disk_name,8327106560,7375454208,11.4,951652352,7375454208,900390912,254062592,36184064,634515456,4317184,0,0,0,0.0,0,0,2.0820400714874268,1.2,0.8,0.0,0.2,98.9,0.0,0.0,0.0,0.0,0.0,0.0,2.081899642944336,4,463,345,162,0,240,/dev/vda1,ext4,/,165295407104,4892598272,160386031616,3.0,mnt_point,4,4
2024-05-30 17:25:56,cpu_number,0,4.1,3.1,1.0,95.9,0.0,0.0,0.0,0.0,0.0,0.0,0.0,cpu_number,1,0.2,0.2,0.0,99.8,0.0,0.0,0.0,0.0,0.0,0.0,0.0,cpu_number,2,0.0,0.0,0.0,100.0,0.0,0.0,0.0,0.0,0.0,0.0,0.0,cpu_number,3,0.0,0.0,0.0,100.0,0.0,0.0,0.0,0.0,0.0,0.0,0.0,lo,,2.070871353149414,2395961,3828,2395961,3828,4791922,7656,True,0,interface_name,eth0,,2.070871353149414,11472593,3192,2980886,14066,14453479,17258,True,0,interface_name,eth1,,2.070871353149414,0,0,1748,0,1748,0,True,0,interface_name,163,1,79,278,0,Linux,performance-testing-ubuntu-s-4vcpu-8gb-sgp1-01,64bit,Ubuntu 24.04,6.8.0-31-generic,Ubuntu 24.04 64bit,0.046875,0.11962890625,0.060546875,4,2.0776567459106445,vda,0,2,0,8192,disk_name,2.0776567459106445,vda1,0,2,0,8192,disk_name,2.0776567459106445,vda14,0,0,0,0,disk_name,2.0776567459106445,vda15,0,0,0,0,disk_name,2.0776567459106445,vda16,0,0,0,0,disk_name,2.0776567459106445,vdb,0,0,0,0,disk_name,8327106560,7376818176,11.4,950288384,7376818176,899813376,254066688,36184064,634519552,4317184,0,0,0,0.0,0,0,2.077923059463501,1.2,1.2,0.0,0.4,98.4,0.0,0.0,0.0,0.0,0.0,0.0,2.0780019760131836,4,602,485,297,0,242,/dev/vda1,ext4,/,165295407104,4892602368,160386027520,3.0,mnt_point,4,4
2024-05-30 17:25:59,cpu_number,0,3.6,2.7,1.0,96.4,0.0,0.0,0.0,0.0,0.0,0.0,0.0,cpu_number,1,1.0,0.5,0.5,99.0,0.0,0.0,0.0,0.0,0.0,0.0,0.0,cpu_number,2,0.7,0.5,0.0,99.3,0.0,0.2,0.0,0.0,0.0,0.0,0.0,cpu_number,3,0.7,0.5,0.2,99.3,0.0,0.0,0.0,0.0,0.0,0.0,0.0,lo,,2.08461856842041,2398348,2387,2398348,2387,4796696,4774,True,0,interface_name,eth0,,2.08461856842041,11475127,2534,2995534,14648,14470661,17182,True,0,interface_name,eth1,,2.08461856842041,0,0,1748,0,1748,0,True,0,interface_name,163,1,79,278,0,Linux,performance-testing-ubuntu-s-4vcpu-8gb-sgp1-01,64bit,Ubuntu 24.04,6.8.0-31-generic,Ubuntu 24.04 64bit,0.046875,0.11962890625,0.060546875,4,2.0757696628570557,vda,0,2,0,73728,disk_name,2.0757696628570557,vda1,0,2,0,73728,disk_name,2.0757696628570557,vda14,0,0,0,0,disk_name,2.0757696628570557,vda15,0,0,0,0,disk_name,2.0757696628570557,vda16,0,0,0,0,disk_name,2.0757696628570557,vdb,0,0,0,0,disk_name,8327106560,7376818176,11.4,950288384,7376818176,900157440,254066688,36192256,634519552,4317184,0,0,0,0.0,0,0,2.075442314147949,1.3,0.8,0.0,0.4,98.8,0.0,0.0,0.0,0.0,0.0,0.0,2.075347423553467,4,579,398,242,0,245,/dev/vda1,ext4,/,165295407104,4892602368,160386027520,3.0,mnt_point,4,4
2024-05-30 17:26:01,cpu_number,0,3.6,2.7,1.0,96.4,0.0,0.0,0.0,0.0,0.0,0.0,0.0,cpu_number,1,1.0,0.5,0.5,99.0,0.0,0.0,0.0,0.0,0.0,0.0,0.0,cpu_number,2,0.7,0.5,0.0,99.3,0.0,0.2,0.0,0.0,0.0,0.0,0.0,cpu_number,3,0.7,0.5,0.2,99.3,0.0,0.0,0.0,0.0,0.0,0.0,0.0,lo,,2.074718475341797,2407858,9510,2407858,9510,4815716,19020,True,0,interface_name,eth0,,2.074718475341797,11481813,6686,3012560,17026,14494373,23712,True,0,interface_name,eth1,,2.074718475341797,0,0,1818,70,1818,70,True,0,interface_name,163,1,79,278,0,Linux,performance-testing-ubuntu-s-4vcpu-8gb-sgp1-01,64bit,Ubuntu 24.04,6.8.0-31-generic,Ubuntu 24.04 64bit,0.04296875,0.1171875,0.06005859375,4,2.068809986114502,vda,0,0,0,0,disk_name,2.068809986114502,vda1,0,0,0,0,disk_name,2.068809986114502,vda14,0,0,0,0,disk_name,2.068809986114502,vda15,0,0,0,0,disk_name,2.068809986114502,vda16,0,0,0,0,disk_name,2.068809986114502,vdb,0,0,0,0,disk_name,8327106560,7372955648,11.5,954150912,7372955648,899833856,254074880,36192256,634519552,4317184,0,0,0,0.0,0,0,2.068790912628174,1.3,1.1,0.0,0.4,98.5,0.0,0.0,0.0,0.0,0.0,0.0,2.0687906742095947,4,649,567,358,0,247,/dev/vda1,ext4,/,165295407104,4892602368,160386027520,3.0,mnt_point,4,4
2024-05-30 17:26:03,cpu_number,0,3.6,2.9,0.7,96.4,0.0,0.0,0.0,0.0,0.0,0.0,0.0,cpu_number,1,0.7,0.5,0.2,99.3,0.0,0.0,0.0,0.0,0.0,0.0,0.0,cpu_number,2,1.4,1.0,0.5,98.6,0.0,0.0,0.0,0.0,0.0,0.0,0.0,cpu_number,3,0.0,0.0,0.0,100.0,0.0,0.0,0.0,0.0,0.0,0.0,0.0,lo,,2.066204071044922,2411740,3882,2411740,3882,4823480,7764,True,0,interface_name,eth0,,2.066204071044922,11484763,2950,3026602,14042,14511365,16992,True,0,interface_name,eth1,,2.066204071044922,0,0,1818,0,1818,0,True,0,interface_name,163,1,79,278,0,Linux,performance-testing-ubuntu-s-4vcpu-8gb-sgp1-01,64bit,Ubuntu 24.04,6.8.0-31-generic,Ubuntu 24.04 64bit,0.04296875,0.1171875,0.06005859375,4,2.084181070327759,vda,0,3,0,12288,disk_name,2.084181070327759,vda1,0,3,0,12288,disk_name,2.084181070327759,vda14,0,0,0,0,disk_name,2.084181070327759,vda15,0,0,0,0,disk_name,2.084181070327759,vda16,0,0,0,0,disk_name,2.084181070327759,vdb,0,0,0,0,disk_name,8327106560,7372701696,11.5,954404864,7372701696,900026368,254078976,36192256,634523648,4317184,0,0,0,0.0,0,0,2.084690809249878,1.4,1.1,0.0,0.4,98.6,0.0,0.0,0.0,0.0,0.0,0.0,2.084808588027954,4,550,469,286,0,249,/dev/vda1,ext4,/,165295407104,4892606464,160386023424,3.0,mnt_point,4,4
2024-05-30 17:26:05,cpu_number,0,3.6,2.9,0.7,96.4,0.0,0.0,0.0,0.0,0.0,0.0,0.0,cpu_number,1,0.7,0.5,0.2,99.3,0.0,0.0,0.0,0.0,0.0,0.0,0.0,cpu_number,2,1.4,1.0,0.5,98.6,0.0,0.0,0.0,0.0,0.0,0.0,0.0,cpu_number,3,0.0,0.0,0.0,100.0,0.0,0.0,0.0,0.0,0.0,0.0,0.0,lo,,2.084617853164673,2414986,3246,2414986,3246,4829972,6492,True,0,interface_name,eth0,,2.084617853164673,11487580,2817,3041702,15100,14529282,17917,True,0,interface_name,eth1,,2.084617853164673,0,0,1818,0,1818,0,True,0,interface_name,163,1,79,278,0,Linux,performance-testing-ubuntu-s-4vcpu-8gb-sgp1-01,64bit,Ubuntu 24.04,6.8.0-31-generic,Ubuntu 24.04 64bit,0.0390625,0.115234375,0.0595703125,4,2.0697226524353027,vda,1,12,61440,57344,disk_name,2.0697226524353027,vda1,1,12,61440,57344,disk_name,2.0697226524353027,vda14,0,0,0,0,disk_name,2.0697226524353027,vda15,0,0,0,0,disk_name,2.0697226524353027,vda16,0,0,0,0,disk_name,2.0697226524353027,vdb,0,0,0,0,disk_name,8327106560,7371988992,11.5,955117568,7371988992,901251072,254078976,36192256,634585088,4317184,0,0,0,0.0,0,0,2.0693273544311523,1.4,1.0,0.0,0.2,98.7,0.0,0.0,0.0,0.1,0.0,0.0,2.069213390350342,4,833,646,339,0,251,/dev/vda1,ext4,/,165295407104,4892606464,160386023424,3.0,mnt_point,4,4
2024-05-30 17:26:07,cpu_number,0,3.6,2.7,1.0,96.4,0.0,0.0,0.0,0.0,0.0,0.0,0.0,cpu_number,1,0.5,0.2,0.2,99.5,0.0,0.0,0.0,0.0,0.0,0.0,0.0,cpu_number,2,0.2,0.2,0.0,99.8,0.0,0.0,0.0,0.0,0.0,0.0,0.0,cpu_number,3,0.5,0.5,0.0,99.5,0.0,0.0,0.0,0.0,0.0,0.0,0.0,lo,,2.067080020904541,2419114,4128,2419114,4128,4838228,8256,True,0,interface_name,eth0,,2.067080020904541,11490264,2684,3056122,14420,14546386,17104,True,0,interface_name,eth1,,2.067080020904541,0,0,1818,0,1818,0,True,0,interface_name,163,1,79,278,0,Linux,performance-testing-ubuntu-s-4vcpu-8gb-sgp1-01,64bit,Ubuntu 24.04,6.8.0-31-generic,Ubuntu 24.04 64bit,0.0390625,0.115234375,0.0595703125,4,2.065840244293213,vda,0,0,0,0,disk_name,2.065840244293213,vda1,0,0,0,0,disk_name,2.065840244293213,vda14,0,0,0,0,disk_name,2.065840244293213,vda15,0,0,0,0,disk_name,2.065840244293213,vda16,0,0,0,0,disk_name,2.065840244293213,vdb,0,0,0,0,disk_name,8327106560,7371988992,11.5,955117568,7371988992,900902912,254078976,36192256,634585088,4317184,0,0,0,0.0,0,0,2.065798044204712,1.4,0.8,0.0,0.4,98.8,0.0,0.0,0.0,0.0,0.0,0.0,2.065795421600342,4,619,454,271,0,253,/dev/vda1,ext4,/,165295407104,4892606464,160386023424,3.0,mnt_point,4,4
2024-05-30 17:26:09,cpu_number,0,3.6,2.7,1.0,96.4,0.0,0.0,0.0,0.0,0.0,0.0,0.0,cpu_number,1,0.5,0.2,0.2,99.5,0.0,0.0,0.0,0.0,0.0,0.0,0.0,cpu_number,2,0.2,0.2,0.0,99.8,0.0,0.0,0.0,0.0,0.0,0.0,0.0,cpu_number,3,0.5,0.5,0.0,99.5,0.0,0.0,0.0,0.0,0.0,0.0,0.0,lo,,2.0695087909698486,2422724,3610,2422724,3610,4845448,7220,True,0,interface_name,eth0,,2.0695087909698486,11492822,2558,3071532,15410,14564354,17968,True,0,interface_name,eth1,,2.0695087909698486,0,0,1818,0,1818,0,True,0,interface_name,163,1,79,278,0,Linux,performance-testing-ubuntu-s-4vcpu-8gb-sgp1-01,64bit,Ubuntu 24.04,6.8.0-31-generic,Ubuntu 24.04 64bit,0.0390625,0.115234375,0.0595703125,4,2.0725319385528564,vda,0,1,0,8192,disk_name,2.0725319385528564,vda1,0,1,0,8192,disk_name,2.0725319385528564,vda14,0,0,0,0,disk_name,2.0725319385528564,vda15,0,0,0,0,disk_name,2.0725319385528564,vda16,0,0,0,0,disk_name,2.0725319385528564,vdb,0,0,0,0,disk_name,8327106560,7371993088,11.5,955113472,7371993088,901144576,254083072,36192256,634589184,4317184,0,0,0,0.0,0,0,2.072845220565796,1.4,0.8,0.0,0.2,98.9,0.0,0.0,0.0,0.0,0.0,0.0,2.0728683471679688,4,676,458,256,0,255,/dev/vda1,ext4,/,165295407104,4892610560,160386019328,3.0,mnt_point,4,4
2024-05-30 17:26:11,cpu_number,0,3.4,2.7,0.7,96.6,0.0,0.0,0.0,0.0,0.0,0.0,0.0,cpu_number,1,0.2,0.2,0.0,99.8,0.0,0.0,0.0,0.0,0.0,0.0,0.0,cpu_number,2,0.5,0.2,0.2,99.5,0.0,0.0,0.0,0.0,0.0,0.0,0.0,cpu_number,3,0.5,0.2,0.2,99.5,0.0,0.0,0.0,0.0,0.0,0.0,0.0,lo,,2.077130079269409,2426792,4068,2426792,4068,4853584,8136,True,0,interface_name,eth0,,2.077130079269409,11495566,2744,3087220,15688,14582786,18432,True,0,interface_name,eth1,,2.077130079269409,0,0,1818,0,1818,0,True,0,interface_name,163,1,79,278,0,Linux,performance-testing-ubuntu-s-4vcpu-8gb-sgp1-01,64bit,Ubuntu 24.04,6.8.0-31-generic,Ubuntu 24.04 64bit,0.03564453125,0.11328125,0.05908203125,4,2.0786032676696777,vda,0,0,0,0,disk_name,2.0786032676696777,vda1,0,0,0,0,disk_name,2.0786032676696777,vda14,0,0,0,0,disk_name,2.0786032676696777,vda15,0,0,0,0,disk_name,2.0786032676696777,vda16,0,0,0,0,disk_name,2.0786032676696777,vdb,0,0,0,0,disk_name,8327106560,7371993088,11.5,955113472,7371993088,901324800,254083072,36192256,634589184,4317184,0,0,0,0.0,0,0,2.078235626220703,1.1,0.8,0.0,0.2,98.9,0.0,0.0,0.0,0.0,0.0,0.0,2.078212022781372,4,633,430,273,0,257,/dev/vda1,ext4,/,165295407104,4892610560,160386019328,3.0,mnt_point,4,4
2024-05-30 17:26:13,cpu_number,0,3.4,2.7,0.7,96.6,0.0,0.0,0.0,0.0,0.0,0.0,0.0,cpu_number,1,0.2,0.2,0.0,99.8,0.0,0.0,0.0,0.0,0.0,0.0,0.0,cpu_number,2,0.5,0.2,0.2,99.5,0.0,0.0,0.0,0.0,0.0,0.0,0.0,cpu_number,3,0.5,0.2,0.2,99.5,0.0,0.0,0.0,0.0,0.0,0.0,0.0,lo,,2.071626663208008,2434650,7858,2434650,7858,4869300,15716,True,0,interface_name,eth0,,2.071626663208008,11500256,4690,3106024,18804,14606280,23494,True,0,interface_name,eth1,,2.071626663208008,0,0,1818,0,1818,0,True,0,interface_name,163,1,79,278,0,Linux,performance-testing-ubuntu-s-4vcpu-8gb-sgp1-01,64bit,Ubuntu 24.04,6.8.0-31-generic,Ubuntu 24.04 64bit,0.03564453125,0.11328125,0.05908203125,4,2.0954577922821045,vda,0,0,0,0,disk_name,2.0954577922821045,vda1,0,0,0,0,disk_name,2.0954577922821045,vda14,0,0,0,0,disk_name,2.0954577922821045,vda15,0,0,0,0,disk_name,2.0954577922821045,vda16,0,0,0,0,disk_name,2.0954577922821045,vdb,0,0,0,0,disk_name,8327106560,7371735040,11.5,955371520,7371735040,899911680,254083072,36192256,634589184,4317184,0,0,0,0.0,0,0,2.0962209701538086,1.1,1.2,0.0,0.4,98.4,0.0,0.0,0.0,0.0,0.0,0.0,2.096439838409424,4,816,608,347,0,259,/dev/vda1,ext4,/,165295407104,4892610560,160386019328,3.0,mnt_point,4,4
2024-05-30 17:26:15,cpu_number,0,4.3,3.6,0.7,95.7,0.0,0.0,0.0,0.0,0.0,0.0,0.0,cpu_number,1,0.5,0.2,0.2,99.5,0.0,0.0,0.0,0.0,0.0,0.0,0.0,cpu_number,2,0.5,0.2,0.0,99.5,0.0,0.0,0.0,0.0,0.2,0.0,0.0,cpu_number,3,1.0,0.5,0.2,99.0,0.0,0.0,0.0,0.0,0.2,0.0,0.0,lo,,2.110884189605713,2438597,3947,2438597,3947,4877194,7894,True,0,interface_name,eth0,,2.110884189605713,11502604,2348,3121730,15706,14624334,18054,True,0,interface_name,eth1,,2.110884189605713,0,0,1818,0,1818,0,True,0,interface_name,163,1,79,278,0,Linux,performance-testing-ubuntu-s-4vcpu-8gb-sgp1-01,64bit,Ubuntu 24.04,6.8.0-31-generic,Ubuntu 24.04 64bit,0.03271484375,0.111328125,0.05859375,4,2.0825400352478027,vda,0,1,0,4096,disk_name,2.0825400352478027,vda1,0,1,0,4096,disk_name,2.0825400352478027,vda14,0,0,0,0,disk_name,2.0825400352478027,vda15,0,0,0,0,disk_name,2.0825400352478027,vda16,0,0,0,0,disk_name,2.0825400352478027,vdb,0,0,0,0,disk_name,8327106560,7371231232,11.5,955875328,7371231232,900169728,254083072,36192256,634589184,4317184,0,0,0,0.0,0,0,2.0818591117858887,1.4,1.0,0.0,0.4,98.7,0.0,0.0,0.0,0.0,0.0,0.0,2.0816421508789062,4,656,476,301,0,261,/dev/vda1,ext4,/,165295407104,4892610560,160386019328,3.0,mnt_point,4,4
2024-05-30 17:26:17,cpu_number,0,4.3,3.6,0.7,95.7,0.0,0.0,0.0,0.0,0.0,0.0,0.0,cpu_number,1,0.5,0.2,0.2,99.5,0.0,0.0,0.0,0.0,0.0,0.0,0.0,cpu_number,2,0.5,0.2,0.0,99.5,0.0,0.0,0.0,0.0,0.2,0.0,0.0,cpu_number,3,1.0,0.5,0.2,99.0,0.0,0.0,0.0,0.0,0.2,0.0,0.0,lo,,2.064824342727661,2443564,4967,2443564,4967,4887128,9934,True,0,interface_name,eth0,,2.064824342727661,11505546,2942,3137026,15296,14642572,18238,True,0,interface_name,eth1,,2.064824342727661,0,0,1818,0,1818,0,True,0,interface_name,163,1,79,278,0,Linux,performance-testing-ubuntu-s-4vcpu-8gb-sgp1-01,64bit,Ubuntu 24.04,6.8.0-31-generic,Ubuntu 24.04 64bit,0.03271484375,0.111328125,0.05859375,4,2.072373628616333,vda,0,0,0,0,disk_name,2.072373628616333,vda1,0,0,0,0,disk_name,2.072373628616333,vda14,0,0,0,0,disk_name,2.072373628616333,vda15,0,0,0,0,disk_name,2.072373628616333,vda16,0,0,0,0,disk_name,2.072373628616333,vdb,0,0,0,0,disk_name,8327106560,7371235328,11.5,955871232,7371235328,900349952,254087168,36192256,634593280,4317184,0,0,0,0.0,0,0,2.0722804069519043,1.4,1.0,0.0,0.2,98.8,0.0,0.0,0.0,0.0,0.0,0.0,2.0723774433135986,4,621,471,285,0,263,/dev/vda1,ext4,/,165295407104,4892614656,160386015232,3.0,mnt_point,4,4
2024-05-30 17:26:19,cpu_number,0,3.1,2.7,0.5,96.9,0.0,0.0,0.0,0.0,0.0,0.0,0.0,cpu_number,1,0.5,0.2,0.2,99.5,0.0,0.0,0.0,0.0,0.0,0.0,0.0,cpu_number,2,0.5,0.2,0.2,99.5,0.0,0.0,0.0,0.0,0.0,0.0,0.0,cpu_number,3,0.5,0.2,0.2,99.5,0.0,0.0,0.0,0.0,0.0,0.0,0.0,lo,,2.075392961502075,2448292,4728,2448292,4728,4896584,9456,True,0,interface_name,eth0,,2.075392961502075,11508284,2738,3153794,16768,14662078,19506,True,0,interface_name,eth1,,2.075392961502075,0,0,1818,0,1818,0,True,0,interface_name,165,1,81,280,0,Linux,performance-testing-ubuntu-s-4vcpu-8gb-sgp1-01,64bit,Ubuntu 24.04,6.8.0-31-generic,Ubuntu 24.04 64bit,0.02978515625,0.109375,0.05810546875,4,2.077639102935791,vda,7,0,622592,0,disk_name,2.077639102935791,vda1,7,0,622592,0,disk_name,2.077639102935791,vda14,0,0,0,0,disk_name,2.077639102935791,vda15,0,0,0,0,disk_name,2.077639102935791,vda16,0,0,0,0,disk_name,2.077639102935791,vdb,0,0,0,0,disk_name,8327106560,7371264000,11.5,955842560,7371264000,900997120,254615552,36192256,635125760,4317184,0,0,0,0.0,0,0,2.0783426761627197,1.1,1.1,0.0,0.2,98.7,0.0,0.0,0.0,0.0,0.0,0.0,2.0784642696380615,4,568,460,297,0,265,/dev/vda1,ext4,/,165295407104,4892614656,160386015232,3.0,mnt_point,4,4
2024-05-30 17:26:21,cpu_number,0,3.1,2.7,0.5,96.9,0.0,0.0,0.0,0.0,0.0,0.0,0.0,cpu_number,1,0.5,0.2,0.2,99.5,0.0,0.0,0.0,0.0,0.0,0.0,0.0,cpu_number,2,0.5,0.2,0.2,99.5,0.0,0.0,0.0,0.0,0.0,0.0,0.0,cpu_number,3,0.5,0.2,0.2,99.5,0.0,0.0,0.0,0.0,0.0,0.0,0.0,lo,,2.087610960006714,2453297,5005,2453297,5005,4906594,10010,True,0,interface_name,eth0,,2.087610960006714,11513758,5474,3170752,16958,14684510,22432,True,0,interface_name,eth1,,2.087610960006714,0,0,1818,0,1818,0,True,0,interface_name,165,1,81,280,0,Linux,performance-testing-ubuntu-s-4vcpu-8gb-sgp1-01,64bit,Ubuntu 24.04,6.8.0-31-generic,Ubuntu 24.04 64bit,0.02978515625,0.109375,0.05810546875,4,2.090134620666504,vda,0,1,0,8192,disk_name,2.090134620666504,vda1,0,1,0,8192,disk_name,2.090134620666504,vda14,0,0,0,0,disk_name,2.090134620666504,vda15,0,0,0,0,disk_name,2.090134620666504,vda16,0,0,0,0,disk_name,2.090134620666504,vdb,0,0,0,0,disk_name,8327106560,7371366400,11.5,955740160,7371366400,901320704,254709760,36192256,635236352,4317184,0,0,0,0.0,0,0,2.089789867401123,1.1,1.1,0.0,0.4,98.6,0.0,0.0,0.0,0.0,0.0,0.0,2.0897016525268555,4,552,476,296,0,267,/dev/vda1,ext4,/,165295407104,4892614656,160386015232,3.0,mnt_point,4,4
2024-05-30 17:26:23,cpu_number,0,4.1,3.3,0.7,95.9,0.0,0.0,0.0,0.0,0.0,0.0,0.0,cpu_number,1,0.7,0.5,0.2,99.3,0.0,0.0,0.0,0.0,0.0,0.0,0.0,cpu_number,2,0.5,0.5,0.0,99.5,0.0,0.0,0.0,0.0,0.0,0.0,0.0,cpu_number,3,0.2,0.2,0.0,99.8,0.0,0.0,0.0,0.0,0.0,0.0,0.0,lo,,2.084744691848755,2457291,3994,2457291,3994,4914582,7988,True,0,interface_name,eth0,,2.084744691848755,11516280,2522,3185520,14768,14701800,17290,True,0,interface_name,eth1,,2.084744691848755,0,0,1818,0,1818,0,True,0,interface_name,163,1,79,278,0,Linux,performance-testing-ubuntu-s-4vcpu-8gb-sgp1-01,64bit,Ubuntu 24.04,6.8.0-31-generic,Ubuntu 24.04 64bit,0.02978515625,0.109375,0.05810546875,4,2.06927490234375,vda,0,0,0,0,disk_name,2.06927490234375,vda1,0,0,0,0,disk_name,2.06927490234375,vda14,0,0,0,0,disk_name,2.06927490234375,vda15,0,0,0,0,disk_name,2.06927490234375,vda16,0,0,0,0,disk_name,2.06927490234375,vdb,0,0,0,0,disk_name,8327106560,7373803520,11.4,953303040,7373803520,901156864,254713856,36192256,635240448,4317184,0,0,0,0.0,0,0,2.0689404010772705,1.4,0.8,0.0,0.2,98.9,0.0,0.0,0.0,0.0,0.0,0.0,2.0688416957855225,4,538,414,269,0,269,/dev/vda1,ext4,/,165295407104,4892618752,160386011136,3.0,mnt_point,4,4
2024-05-30 17:26:26,cpu_number,0,4.1,3.3,0.7,95.9,0.0,0.0,0.0,0.0,0.0,0.0,0.0,cpu_number,1,0.7,0.5,0.2,99.3,0.0,0.0,0.0,0.0,0.0,0.0,0.0,cpu_number,2,0.5,0.5,0.0,99.5,0.0,0.0,0.0,0.0,0.0,0.0,0.0,cpu_number,3,0.2,0.2,0.0,99.8,0.0,0.0,0.0,0.0,0.0,0.0,0.0,lo,,2.0684139728546143,2462107,4816,2462107,4816,4924214,9632,True,0,interface_name,eth0,,2.0684139728546143,11518606,2326,3203350,17830,14721956,20156,True,0,interface_name,eth1,,2.0684139728546143,0,0,1818,0,1818,0,True,0,interface_name,163,1,79,278,0,Linux,performance-testing-ubuntu-s-4vcpu-8gb-sgp1-01,64bit,Ubuntu 24.04,6.8.0-31-generic,Ubuntu 24.04 64bit,0.02734375,0.107421875,0.0576171875,4,2.075347423553467,vda,0,0,0,0,disk_name,2.075347423553467,vda1,0,0,0,0,disk_name,2.075347423553467,vda14,0,0,0,0,disk_name,2.075347423553467,vda15,0,0,0,0,disk_name,2.075347423553467,vda16,0,0,0,0,disk_name,2.075347423553467,vdb,0,0,0,0,disk_name,8327106560,7372787712,11.5,954318848,7372787712,901361664,254713856,36192256,635240448,4317184,0,0,0,0.0,0,0,2.0753235816955566,1.4,0.8,0.0,0.1,98.9,0.0,0.0,0.0,0.1,0.0,0.0,2.07529616355896,4,673,408,257,0,272,/dev/vda1,ext4,/,165295407104,4892618752,160386011136,3.0,mnt_point,4,4
2024-05-30 17:26:28,cpu_number,0,3.4,2.4,0.7,96.6,0.0,0.0,0.0,0.0,0.2,0.0,0.0,cpu_number,1,0.2,0.2,0.0,99.8,0.0,0.0,0.0,0.0,0.0,0.0,0.0,cpu_number,2,0.2,0.2,0.0,99.8,0.0,0.0,0.0,0.0,0.0,0.0,0.0,cpu_number,3,0.2,0.2,0.0,99.8,0.0,0.0,0.0,0.0,0.0,0.0,0.0,lo,,2.0681424140930176,2467116,5009,2467116,5009,4934232,10018,True,0,interface_name,eth0,,2.0681424140930176,11521258,2652,3218396,15046,14739654,17698,True,0,interface_name,eth1,,2.0681424140930176,0,0,1818,0,1818,0,True,0,interface_name,163,1,79,278,0,Linux,performance-testing-ubuntu-s-4vcpu-8gb-sgp1-01,64bit,Ubuntu 24.04,6.8.0-31-generic,Ubuntu 24.04 64bit,0.02734375,0.107421875,0.0576171875,4,2.061246395111084,vda,0,1,0,8192,disk_name,2.061246395111084,vda1,0,1,0,8192,disk_name,2.061246395111084,vda14,0,0,0,0,disk_name,2.061246395111084,vda15,0,0,0,0,disk_name,2.061246395111084,vda16,0,0,0,0,disk_name,2.061246395111084,vdb,0,0,0,0,disk_name,8327106560,7372787712,11.5,954318848,7372787712,901648384,254713856,36192256,635240448,4317184,0,0,0,0.0,0,0,2.061265230178833,1.1,0.7,0.0,0.2,99.0,0.0,0.0,0.0,0.0,0.0,0.0,2.0612635612487793,4,514,378,259,0,274,/dev/vda1,ext4,/,165295407104,4892618752,160386011136,3.0,mnt_point,4,4
2024-05-30 17:26:30,cpu_number,0,3.4,2.4,0.7,96.6,0.0,0.0,0.0,0.0,0.2,0.0,0.0,cpu_number,1,0.2,0.2,0.0,99.8,0.0,0.0,0.0,0.0,0.0,0.0,0.0,cpu_number,2,0.2,0.2,0.0,99.8,0.0,0.0,0.0,0.0,0.0,0.0,0.0,cpu_number,3,0.2,0.2,0.0,99.8,0.0,0.0,0.0,0.0,0.0,0.0,0.0,lo,,2.0629258155822754,2471583,4467,2471583,4467,4943166,8934,True,0,interface_name,eth0,,2.0629258155822754,11523592,2334,3233266,14870,14756858,17204,True,0,interface_name,eth1,,2.0629258155822754,0,0,1818,0,1818,0,True,0,interface_name,163,1,79,278,0,Linux,performance-testing-ubuntu-s-4vcpu-8gb-sgp1-01,64bit,Ubuntu 24.04,6.8.0-31-generic,Ubuntu 24.04 64bit,0.02490234375,0.10546875,0.05712890625,4,2.077188491821289,vda,0,27,0,163840,disk_name,2.077188491821289,vda1,0,27,0,163840,disk_name,2.077188491821289,vda14,0,0,0,0,disk_name,2.077188491821289,vda15,0,0,0,0,disk_name,2.077188491821289,vda16,0,0,0,0,disk_name,2.077188491821289,vdb,0,0,0,0,disk_name,8327106560,7372787712,11.5,954318848,7372787712,900923392,254713856,36200448,635240448,4317184,0,0,0,0.0,0,0,2.0771968364715576,1.1,1.0,0.0,0.4,98.6,0.1,0.0,0.0,0.0,0.0,0.0,2.0771994590759277,4,597,477,266,0,276,/dev/vda1,ext4,/,165295407104,4892618752,160386011136,3.0,mnt_point,4,4
2024-05-30 17:26:32,cpu_number,0,3.9,3.1,0.7,96.1,0.0,0.0,0.0,0.0,0.0,0.0,0.0,cpu_number,1,0.5,0.2,0.2,99.5,0.0,0.0,0.0,0.0,0.0,0.0,0.0,cpu_number,2,0.2,0.2,0.0,99.8,0.0,0.0,0.0,0.0,0.0,0.0,0.0,cpu_number,3,0.2,0.0,0.2,99.8,0.0,0.0,0.0,0.0,0.0,0.0,0.0,lo,,2.0860486030578613,2476826,5243,2476826,5243,4953652,10486,True,0,interface_name,eth0,,2.0860486030578613,11526290,2698,3250318,17052,14776608,19750,True,0,interface_name,eth1,,2.0860486030578613,0,0,1818,0,1818,0,True,0,interface_name,163,1,79,278,0,Linux,performance-testing-ubuntu-s-4vcpu-8gb-sgp1-01,64bit,Ubuntu 24.04,6.8.0-31-generic,Ubuntu 24.04 64bit,0.02490234375,0.10546875,0.05712890625,4,2.088169574737549,vda,0,0,0,0,disk_name,2.088169574737549,vda1,0,0,0,0,disk_name,2.088169574737549,vda14,0,0,0,0,disk_name,2.088169574737549,vda15,0,0,0,0,disk_name,2.088169574737549,vda16,0,0,0,0,disk_name,2.088169574737549,vdb,0,0,0,0,disk_name,8327106560,7372800000,11.5,954306560,7372800000,901197824,254726144,36200448,635244544,4317184,0,0,0,0.0,0,0,2.08859920501709,1.2,1.0,0.0,0.2,98.7,0.0,0.0,0.1,0.0,0.0,0.0,2.088717460632324,4,633,466,280,0,278,/dev/vda1,ext4,/,165295407104,4892622848,160386007040,3.0,mnt_point,4,4
2024-05-30 17:26:34,cpu_number,0,3.9,3.1,0.7,96.1,0.0,0.0,0.0,0.0,0.0,0.0,0.0,cpu_number,1,0.5,0.2,0.2,99.5,0.0,0.0,0.0,0.0,0.0,0.0,0.0,cpu_number,2,0.2,0.2,0.0,99.8,0.0,0.0,0.0,0.0,0.0,0.0,0.0,cpu_number,3,0.2,0.0,0.2,99.8,0.0,0.0,0.0,0.0,0.0,0.0,0.0,lo,,2.0865890979766846,2482002,5176,2482002,5176,4964004,10352,True,0,interface_name,eth0,,2.0865890979766846,11528654,2364,3266046,15728,14794700,18092,True,0,interface_name,eth1,,2.0865890979766846,0,0,1818,0,1818,0,True,0,interface_name,163,1,79,278,0,Linux,performance-testing-ubuntu-s-4vcpu-8gb-sgp1-01,64bit,Ubuntu 24.04,6.8.0-31-generic,Ubuntu 24.04 64bit,0.02490234375,0.10546875,0.05712890625,4,2.082803964614868,vda,0,6,0,28672,disk_name,2.082803964614868,vda1,0,6,0,28672,disk_name,2.082803964614868,vda14,0,0,0,0,disk_name,2.082803964614868,vda15,0,0,0,0,disk_name,2.082803964614868,vda16,0,0,0,0,disk_name,2.082803964614868,vdb,0,0,0,0,disk_name,8327106560,7372800000,11.5,954306560,7372800000,901427200,254726144,36200448,635244544,4317184,0,0,0,0.0,0,0,2.0829482078552246,1.2,1.0,0.0,0.4,98.7,0.0,0.0,0.0,0.0,0.0,0.0,2.082937717437744,4,608,497,287,0,280,/dev/vda1,ext4,/,165295407104,4892622848,160386007040,3.0,mnt_point,4,4
2024-05-30 17:26:36,cpu_number,0,4.3,3.4,1.0,95.7,0.0,0.0,0.0,0.0,0.0,0.0,0.0,cpu_number,1,0.2,0.2,0.0,99.8,0.0,0.0,0.0,0.0,0.0,0.0,0.0,cpu_number,2,0.5,0.2,0.2,99.5,0.0,0.0,0.0,0.0,0.0,0.0,0.0,cpu_number,3,0.2,0.2,0.0,99.8,0.0,0.0,0.0,0.0,0.0,0.0,0.0,lo,,2.0834708213806152,2487498,5496,2487498,5496,4974996,10992,True,0,interface_name,eth0,,2.0834708213806152,11531694,3040,3281688,15642,14813382,18682,True,0,interface_name,eth1,,2.0834708213806152,0,0,1818,0,1818,0,True,0,interface_name,163,1,79,278,0,Linux,performance-testing-ubuntu-s-4vcpu-8gb-sgp1-01,64bit,Ubuntu 24.04,6.8.0-31-generic,Ubuntu 24.04 64bit,0.0224609375,0.103515625,0.056640625,4,2.0770151615142822,vda,0,0,0,0,disk_name,2.0770151615142822,vda1,0,0,0,0,disk_name,2.0770151615142822,vda14,0,0,0,0,disk_name,2.0770151615142822,vda15,0,0,0,0,disk_name,2.0770151615142822,vda16,0,0,0,0,disk_name,2.0770151615142822,vdb,0,0,0,0,disk_name,8327106560,7372541952,11.5,954564608,7372541952,900669440,254726144,36200448,635244544,4317184,0,0,0,0.0,0,0,2.0764665603637695,1.3,0.8,0.0,0.4,98.8,0.0,0.0,0.0,0.0,0.0,0.0,2.0763697624206543,4,543,471,311,0,282,/dev/vda1,ext4,/,165295407104,4892622848,160386007040,3.0,mnt_point,4,4
2024-05-30 17:26:38,cpu_number,0,4.3,3.4,1.0,95.7,0.0,0.0,0.0,0.0,0.0,0.0,0.0,cpu_number,1,0.2,0.2,0.0,99.8,0.0,0.0,0.0,0.0,0.0,0.0,0.0,cpu_number,2,0.5,0.2,0.2,99.5,0.0,0.0,0.0,0.0,0.0,0.0,0.0,cpu_number,3,0.2,0.2,0.0,99.8,0.0,0.0,0.0,0.0,0.0,0.0,0.0,lo,,2.0683977603912354,2493498,6000,2493498,6000,4986996,12000,True,0,interface_name,eth0,,2.0683977603912354,11534408,2714,3297966,16278,14832374,18992,True,0,interface_name,eth1,,2.0683977603912354,0,0,1818,0,1818,0,True,0,interface_name,163,1,79,278,0,Linux,performance-testing-ubuntu-s-4vcpu-8gb-sgp1-01,64bit,Ubuntu 24.04,6.8.0-31-generic,Ubuntu 24.04 64bit,0.0224609375,0.103515625,0.056640625,4,2.060328960418701,vda,0,0,0,0,disk_name,2.060328960418701,vda1,0,0,0,0,disk_name,2.060328960418701,vda14,0,0,0,0,disk_name,2.060328960418701,vda15,0,0,0,0,disk_name,2.060328960418701,vda16,0,0,0,0,disk_name,2.060328960418701,vdb,0,0,0,0,disk_name,8327106560,7372288000,11.5,954818560,7372288000,901283840,254730240,36200448,635248640,4317184,0,0,0,0.0,0,0,2.060270071029663,1.3,1.0,0.0,0.2,98.8,0.0,0.0,0.0,0.0,0.0,0.0,2.06027889251709,4,535,448,267,0,284,/dev/vda1,ext4,/,165295407104,4892626944,160386002944,3.0,mnt_point,4,4
2024-05-30 17:26:40,cpu_number,0,3.4,2.4,1.0,96.6,0.0,0.0,0.0,0.0,0.0,0.0,0.0,cpu_number,1,1.0,0.7,0.2,99.0,0.0,0.0,0.0,0.0,0.0,0.0,0.0,cpu_number,2,0.0,0.0,0.0,100.0,0.0,0.0,0.0,0.0,0.0,0.0,0.0,cpu_number,3,0.5,0.5,0.0,99.5,0.0,0.0,0.0,0.0,0.0,0.0,0.0,lo,,2.0636558532714844,2503369,9871,2503369,9871,5006738,19742,True,0,interface_name,eth0,,2.0636558532714844,11537698,3290,3319140,21174,14856838,24464,True,0,interface_name,eth1,,2.0636558532714844,0,0,1818,0,1818,0,True,0,interface_name,163,1,79,278,0,Linux,performance-testing-ubuntu-s-4vcpu-8gb-sgp1-01,64bit,Ubuntu 24.04,6.8.0-31-generic,Ubuntu 24.04 64bit,0.0205078125,0.1015625,0.05615234375,4,2.07973313331604,vda,0,2,0,8192,disk_name,2.07973313331604,vda1,0,2,0,8192,disk_name,2.07973313331604,vda14,0,0,0,0,disk_name,2.07973313331604,vda15,0,0,0,0,disk_name,2.07973313331604,vda16,0,0,0,0,disk_name,2.07973313331604,vdb,0,0,0,0,disk_name,8327106560,7372288000,11.5,954818560,7372288000,901472256,254730240,36200448,635248640,4317184,0,0,0,0.0,0,0,2.080211877822876,1.2,1.0,0.0,0.2,98.7,0.0,0.0,0.0,0.1,0.0,0.0,2.080352306365967,4,672,500,308,0,286,/dev/vda1,ext4,/,165295407104,4892626944,160386002944,3.0,mnt_point,4,4
2024-05-30 17:26:42,cpu_number,0,3.4,2.4,1.0,96.6,0.0,0.0,0.0,0.0,0.0,0.0,0.0,cpu_number,1,1.0,0.7,0.2,99.0,0.0,0.0,0.0,0.0,0.0,0.0,0.0,cpu_number,2,0.0,0.0,0.0,100.0,0.0,0.0,0.0,0.0,0.0,0.0,0.0,cpu_number,3,0.5,0.5,0.0,99.5,0.0,0.0,0.0,0.0,0.0,0.0,0.0,lo,,2.078871726989746,2513922,10553,2513922,10553,5027844,21106,True,0,interface_name,eth0,,2.078871726989746,11540910,3212,3340246,21106,14881156,24318,True,0,interface_name,eth1,,2.078871726989746,0,0,1818,0,1818,0,True,0,interface_name,163,1,79,278,0,Linux,performance-testing-ubuntu-s-4vcpu-8gb-sgp1-01,64bit,Ubuntu 24.04,6.8.0-31-generic,Ubuntu 24.04 64bit,0.0205078125,0.1015625,0.05615234375,4,2.0999600887298584,vda,0,0,0,0,disk_name,2.0999600887298584,vda1,0,0,0,0,disk_name,2.0999600887298584,vda14,0,0,0,0,disk_name,2.0999600887298584,vda15,0,0,0,0,disk_name,2.0999600887298584,vda16,0,0,0,0,disk_name,2.0999600887298584,vdb,0,0,0,0,disk_name,8327106560,7364030464,11.6,963076096,7364030464,901955584,254730240,36200448,635248640,4317184,0,0,0,0.0,0,0,2.099891424179077,1.2,1.0,0.0,0.6,98.5,0.0,0.0,0.0,0.0,0.0,0.0,2.0998384952545166,4,688,558,359,0,288,/dev/vda1,ext4,/,165295407104,4892626944,160386002944,3.0,mnt_point,4,4
2024-05-30 17:26:44,cpu_number,0,3.6,2.9,0.7,96.4,0.0,0.0,0.0,0.0,0.0,0.0,0.0,cpu_number,1,0.2,0.0,0.2,99.8,0.0,0.0,0.0,0.0,0.0,0.0,0.0,cpu_number,2,1.2,0.5,0.7,98.8,0.0,0.0,0.0,0.0,0.0,0.0,0.0,cpu_number,3,0.0,0.0,0.0,100.0,0.0,0.0,0.0,0.0,0.0,0.0,0.0,lo,,2.0998733043670654,2524222,10300,2524222,10300,5048444,20600,True,0,interface_name,eth0,,2.0998733043670654,11544048,3138,3363024,22778,14907072,25916,True,0,interface_name,eth1,,2.0998733043670654,0,0,1818,0,1818,0,True,0,interface_name,163,1,79,278,0,Linux,performance-testing-ubuntu-s-4vcpu-8gb-sgp1-01,64bit,Ubuntu 24.04,6.8.0-31-generic,Ubuntu 24.04 64bit,0.0185546875,0.099609375,0.0556640625,4,2.0725200176239014,vda,0,0,0,0,disk_name,2.0725200176239014,vda1,0,0,0,0,disk_name,2.0725200176239014,vda14,0,0,0,0,disk_name,2.0725200176239014,vda15,0,0,0,0,disk_name,2.0725200176239014,vda16,0,0,0,0,disk_name,2.0725200176239014,vdb,0,0,0,0,disk_name,8327106560,7367626752,11.5,959479808,7367626752,901128192,254730240,36200448,635248640,4317184,0,0,0,0.0,0,0,2.072216749191284,1.4,0.8,0.0,0.2,98.9,0.0,0.0,0.0,0.0,0.0,0.0,2.0721001625061035,4,758,506,287,0,290,/dev/vda1,ext4,/,165295407104,4892626944,160386002944,3.0,mnt_point,4,4
2024-05-30 17:26:46,cpu_number,0,3.6,2.9,0.7,96.4,0.0,0.0,0.0,0.0,0.0,0.0,0.0,cpu_number,1,0.2,0.0,0.2,99.8,0.0,0.0,0.0,0.0,0.0,0.0,0.0,cpu_number,2,1.2,0.5,0.7,98.8,0.0,0.0,0.0,0.0,0.0,0.0,0.0,cpu_number,3,0.0,0.0,0.0,100.0,0.0,0.0,0.0,0.0,0.0,0.0,0.0,lo,,2.073310136795044,2534559,10337,2534559,10337,5069118,20674,True,0,interface_name,eth0,,2.073310136795044,11546886,2838,3383814,20790,14930700,23628,True,0,interface_name,eth1,,2.073310136795044,0,0,1818,0,1818,0,True,0,interface_name,163,1,79,278,0,Linux,performance-testing-ubuntu-s-4vcpu-8gb-sgp1-01,64bit,Ubuntu 24.04,6.8.0-31-generic,Ubuntu 24.04 64bit,0.0185546875,0.099609375,0.0556640625,4,2.07839035987854,vda,0,2,0,8192,disk_name,2.07839035987854,vda1,0,2,0,8192,disk_name,2.07839035987854,vda14,0,0,0,0,disk_name,2.07839035987854,vda15,0,0,0,0,disk_name,2.07839035987854,vda16,0,0,0,0,disk_name,2.07839035987854,vdb,0,0,0,0,disk_name,8327106560,7370219520,11.5,956887040,7370219520,901410816,254738432,36204544,635252736,4317184,0,0,0,0.0,0,0,2.078803062438965,1.4,1.0,0.0,0.4,98.6,0.0,0.0,0.0,0.1,0.0,0.0,2.0789570808410645,4,659,526,331,0,292,/dev/vda1,ext4,/,165295407104,4892635136,160385994752,3.0,mnt_point,4,4
2024-05-30 17:26:48,cpu_number,0,3.6,2.9,0.7,96.4,0.0,0.0,0.0,0.0,0.0,0.0,0.0,cpu_number,1,0.7,0.5,0.2,99.3,0.0,0.0,0.0,0.0,0.0,0.0,0.0,cpu_number,2,0.7,0.5,0.2,99.3,0.0,0.0,0.0,0.0,0.0,0.0,0.0,cpu_number,3,0.7,0.2,0.2,99.3,0.0,0.0,0.0,0.0,0.2,0.0,0.0,lo,,2.084151029586792,2545035,10476,2545035,10476,5090070,20952,True,0,interface_name,eth0,,2.084151029586792,11549218,2332,3404982,21168,14954200,23500,True,0,interface_name,eth1,,2.084151029586792,0,0,1818,0,1818,0,True,0,interface_name,163,1,79,278,0,Linux,performance-testing-ubuntu-s-4vcpu-8gb-sgp1-01,64bit,Ubuntu 24.04,6.8.0-31-generic,Ubuntu 24.04 64bit,0.0185546875,0.099609375,0.0556640625,4,2.0805094242095947,vda,0,0,0,0,disk_name,2.0805094242095947,vda1,0,0,0,0,disk_name,2.0805094242095947,vda14,0,0,0,0,disk_name,2.0805094242095947,vda15,0,0,0,0,disk_name,2.0805094242095947,vda16,0,0,0,0,disk_name,2.0805094242095947,vdb,0,0,0,0,disk_name,8327106560,7370219520,11.5,956887040,7370219520,901644288,254738432,36204544,635252736,4317184,0,0,0,0.0,0,0,2.080270528793335,1.3,1.0,0.0,0.2,98.8,0.0,0.0,0.0,0.0,0.0,0.0,2.0801944732666016,4,564,439,275,0,294,/dev/vda1,ext4,/,165295407104,4892635136,160385994752,3.0,mnt_point,4,4
2024-05-30 17:26:50,cpu_number,0,3.6,2.9,0.7,96.4,0.0,0.0,0.0,0.0,0.0,0.0,0.0,cpu_number,1,0.7,0.5,0.2,99.3,0.0,0.0,0.0,0.0,0.0,0.0,0.0,cpu_number,2,0.7,0.5,0.2,99.3,0.0,0.0,0.0,0.0,0.0,0.0,0.0,cpu_number,3,0.7,0.2,0.2,99.3,0.0,0.0,0.0,0.0,0.2,0.0,0.0,lo,,2.0746796131134033,2555516,10481,2555516,10481,5111032,20962,True,0,interface_name,eth0,,2.0746796131134033,11551636,2418,3426032,21050,14977668,23468,True,0,interface_name,eth1,,2.0746796131134033,0,0,1818,0,1818,0,True,0,interface_name,163,1,79,278,0,Linux,performance-testing-ubuntu-s-4vcpu-8gb-sgp1-01,64bit,Ubuntu 24.04,6.8.0-31-generic,Ubuntu 24.04 64bit,0.0166015625,0.09765625,0.05517578125,4,2.067971706390381,vda,0,0,0,0,disk_name,2.067971706390381,vda1,0,0,0,0,disk_name,2.067971706390381,vda14,0,0,0,0,disk_name,2.067971706390381,vda15,0,0,0,0,disk_name,2.067971706390381,vda16,0,0,0,0,disk_name,2.067971706390381,vdb,0,0,0,0,disk_name,8327106560,7370219520,11.5,956887040,7370219520,901865472,254738432,36204544,635252736,4317184,0,0,0,0.0,0,0,2.0678038597106934,1.3,0.8,0.0,0.2,98.9,0.0,0.0,0.0,0.0,0.0,0.0,2.067859172821045,4,540,403,254,0,296,/dev/vda1,ext4,/,165295407104,4892635136,160385994752,3.0,mnt_point,4,4
2024-05-30 17:26:53,cpu_number,0,3.4,2.7,0.7,96.6,0.0,0.0,0.0,0.0,0.0,0.0,0.0,cpu_number,1,0.2,0.2,0.0,99.8,0.0,0.0,0.0,0.0,0.0,0.0,0.0,cpu_number,2,0.5,0.5,0.0,99.5,0.0,0.0,0.0,0.0,0.0,0.0,0.0,cpu_number,3,0.2,0.2,0.0,99.8,0.0,0.0,0.0,0.0,0.0,0.0,0.0,lo,,2.0651845932006836,2566781,11265,2566781,11265,5133562,22530,True,0,interface_name,eth0,,2.0651845932006836,11554392,2756,3447540,21508,15001932,24264,True,0,interface_name,eth1,,2.0651845932006836,0,0,1818,0,1818,0,True,0,interface_name,163,1,79,278,0,Linux,performance-testing-ubuntu-s-4vcpu-8gb-sgp1-01,64bit,Ubuntu 24.04,6.8.0-31-generic,Ubuntu 24.04 64bit,0.0166015625,0.09765625,0.05517578125,4,2.1065163612365723,vda,0,2,0,8192,disk_name,2.1065163612365723,vda1,0,2,0,8192,disk_name,2.1065163612365723,vda14,0,0,0,0,disk_name,2.1065163612365723,vda15,0,0,0,0,disk_name,2.1065163612365723,vda16,0,0,0,0,disk_name,2.1065163612365723,vdb,0,0,0,0,disk_name,8327106560,7370223616,11.5,956882944,7370223616,902119424,254742528,36204544,635256832,4317184,0,0,0,0.0,0,0,2.1068990230560303,1.1,1.2,0.0,0.4,98.5,0.0,0.0,0.0,0.0,0.0,0.0,2.106862783432007,4,513,446,288,0,299,/dev/vda1,ext4,/,165295407104,4892639232,160385990656,3.0,mnt_point,4,4
2024-05-30 17:26:55,cpu_number,0,3.4,2.7,0.7,96.6,0.0,0.0,0.0,0.0,0.0,0.0,0.0,cpu_number,1,0.2,0.2,0.0,99.8,0.0,0.0,0.0,0.0,0.0,0.0,0.0,cpu_number,2,0.5,0.5,0.0,99.5,0.0,0.0,0.0,0.0,0.0,0.0,0.0,cpu_number,3,0.2,0.2,0.0,99.8,0.0,0.0,0.0,0.0,0.0,0.0,0.0,lo,,2.1133975982666016,2577605,10824,2577605,10824,5155210,21648,True,0,interface_name,eth0,,2.1133975982666016,11557076,2684,3469812,22272,15026888,24956,True,0,interface_name,eth1,,2.1133975982666016,0,0,1818,0,1818,0,True,0,interface_name,163,1,79,278,0,Linux,performance-testing-ubuntu-s-4vcpu-8gb-sgp1-01,64bit,Ubuntu 24.04,6.8.0-31-generic,Ubuntu 24.04 64bit,0.01513671875,0.095703125,0.0546875,4,2.0803935527801514,vda,0,1,0,4096,disk_name,2.0803935527801514,vda1,0,1,0,4096,disk_name,2.0803935527801514,vda14,0,0,0,0,disk_name,2.0803935527801514,vda15,0,0,0,0,disk_name,2.0803935527801514,vda16,0,0,0,0,disk_name,2.0803935527801514,vdb,0,0,0,0,disk_name,8327106560,7370223616,11.5,956882944,7370223616,902340608,254742528,36204544,635256832,4317184,0,0,0,0.0,0,0,2.079899311065674,1.1,1.0,0.0,0.2,98.8,0.0,0.0,0.0,0.0,0.0,0.0,2.07989764213562,4,628,451,257,0,301,/dev/vda1,ext4,/,165295407104,4892639232,160385990656,3.0,mnt_point,4,4
2024-05-30 17:26:57,cpu_number,0,4.1,3.1,1.0,95.9,0.0,0.0,0.0,0.0,0.0,0.0,0.0,cpu_number,1,0.7,0.2,0.2,99.3,0.0,0.0,0.0,0.0,0.2,0.0,0.0,cpu_number,2,0.5,0.2,0.2,99.5,0.0,0.0,0.0,0.0,0.0,0.0,0.0,cpu_number,3,0.2,0.2,0.0,99.8,0.0,0.0,0.0,0.0,0.0,0.0,0.0,lo,,2.0739691257476807,2589098,11493,2589098,11493,5178196,22986,True,0,interface_name,eth0,,2.0739691257476807,11559750,2674,3491704,21892,15051454,24566,True,0,interface_name,eth1,,2.0739691257476807,0,0,1818,0,1818,0,True,0,interface_name,163,1,79,278,0,Linux,performance-testing-ubuntu-s-4vcpu-8gb-sgp1-01,64bit,Ubuntu 24.04,6.8.0-31-generic,Ubuntu 24.04 64bit,0.01513671875,0.095703125,0.0546875,4,2.0846128463745117,vda,0,0,0,0,disk_name,2.0846128463745117,vda1,0,0,0,0,disk_name,2.0846128463745117,vda14,0,0,0,0,disk_name,2.0846128463745117,vda15,0,0,0,0,disk_name,2.0846128463745117,vda16,0,0,0,0,disk_name,2.0846128463745117,vdb,0,0,0,0,disk_name,8327106560,7370223616,11.5,956882944,7370223616,901832704,254742528,36204544,635256832,4317184,0,0,0,0.0,0,0,2.085195779800415,1.4,1.0,0.0,0.4,98.7,0.0,0.0,0.0,0.0,0.0,0.0,2.0852549076080322,4,576,441,245,0,303,/dev/vda1,ext4,/,165295407104,4892639232,160385990656,3.0,mnt_point,4,4
2024-05-30 17:26:59,cpu_number,0,4.1,3.1,1.0,95.9,0.0,0.0,0.0,0.0,0.0,0.0,0.0,cpu_number,1,0.7,0.2,0.2,99.3,0.0,0.0,0.0,0.0,0.2,0.0,0.0,cpu_number,2,0.5,0.2,0.2,99.5,0.0,0.0,0.0,0.0,0.0,0.0,0.0,cpu_number,3,0.2,0.2,0.0,99.8,0.0,0.0,0.0,0.0,0.0,0.0,0.0,lo,,2.092660665512085,2600490,11392,2600490,11392,5200980,22784,True,0,interface_name,eth0,,2.092660665512085,11562634,2884,3514952,23248,15077586,26132,True,0,interface_name,eth1,,2.092660665512085,0,0,1818,0,1818,0,True,0,interface_name,163,1,79,278,0,Linux,performance-testing-ubuntu-s-4vcpu-8gb-sgp1-01,64bit,Ubuntu 24.04,6.8.0-31-generic,Ubuntu 24.04 64bit,0.01513671875,0.095703125,0.0546875,4,2.079749822616577,vda,0,5,0,53248,disk_name,2.079749822616577,vda1,0,5,0,53248,disk_name,2.079749822616577,vda14,0,0,0,0,disk_name,2.079749822616577,vda15,0,0,0,0,disk_name,2.079749822616577,vda16,0,0,0,0,disk_name,2.079749822616577,vdb,0,0,0,0,disk_name,8327106560,7370231808,11.5,956874752,7370231808,901140480,254750720,36212736,635256832,4317184,0,0,0,0.0,0,0,2.0793490409851074,1.4,1.0,0.0,0.2,98.7,0.1,0.0,0.0,0.0,0.0,0.0,2.0793368816375732,4,657,480,295,0,305,/dev/vda1,ext4,/,165295407104,4892639232,160385990656,3.0,mnt_point,4,4
2024-05-30 17:27:01,cpu_number,0,4.1,3.4,0.7,95.9,0.0,0.0,0.0,0.0,0.0,0.0,0.0,cpu_number,1,0.2,0.2,0.0,99.8,0.0,0.0,0.0,0.0,0.0,0.0,0.0,cpu_number,2,0.7,0.5,0.0,99.3,0.0,0.2,0.0,0.0,0.0,0.0,0.0,cpu_number,3,0.2,0.0,0.2,99.8,0.0,0.0,0.0,0.0,0.0,0.0,0.0,lo,,2.0780205726623535,2612130,11640,2612130,11640,5224260,23280,True,0,interface_name,eth0,,2.0780205726623535,11565204,2570,3537380,22428,15102584,24998,True,0,interface_name,eth1,,2.0780205726623535,0,0,1818,0,1818,0,True,0,interface_name,163,1,79,278,0,Linux,performance-testing-ubuntu-s-4vcpu-8gb-sgp1-01,64bit,Ubuntu 24.04,6.8.0-31-generic,Ubuntu 24.04 64bit,0.013671875,0.09375,0.05419921875,4,2.0870540142059326,vda,0,0,0,0,disk_name,2.0870540142059326,vda1,0,0,0,0,disk_name,2.0870540142059326,vda14,0,0,0,0,disk_name,2.0870540142059326,vda15,0,0,0,0,disk_name,2.0870540142059326,vda16,0,0,0,0,disk_name,2.0870540142059326,vdb,0,0,0,0,disk_name,8327106560,7370235904,11.5,956870656,7370235904,901361664,254754816,36212736,635260928,4317184,0,0,0,0.0,0,0,2.0873682498931885,1.3,1.1,0.0,0.2,98.7,0.0,0.0,0.0,0.0,0.0,0.0,2.0873541831970215,4,516,411,261,0,307,/dev/vda1,ext4,/,165295407104,4892643328,160385986560,3.0,mnt_point,4,4
